Date & Time | MagX | MagY | MagZ | AccX | AccY | AccZ | GyroX | GyroY | GyroZ | Temp | Roll | Pitch | Yaw
2021-10-14 02:53:27.792 14.5 36.375 131.125 0.001 0.039 1.026 0.03 0.03 0.061 32.71 2.47 6.1 160.28
2021-10-14 02:53:28.760 10.0 32.625 131.0 -0.001 0.038 1.027 0.0 -0.03 0.061 32.71 2.59 6.17 160.09
2021-10-14 02:53:29.732 14.625 30.625 133.875 -0.0 0.037 1.026 0.061 0.03 0.061 32.76 2.38 5.91 159.94
2021-10-14 02:53:30.688 11.5 29.25 134.125 0.0 0.038 1.028 -0.03 -0.061 0.091 32.79 2.25 5.75 159.81
2021-10-14 02:53:31.641 12.625 32.0 134.875 0.001 0.038 1.026 -0.03 -0.03 0.03 32.77 2.29 5.79 159.63
2021-10-14 02:53:32.589 9.0 33.875 135.0 0.0 0.037 1.026 0.03 0.0 0.03 32.83 2.56 5.99 159.43
2021-10-14 02:53:33.541 12.625 31.625 132.375 0.0 0.037 1.027 0.061 0.03 0.061 32.82 2.48 5.91 159.26
2021-10-14 02:53:34.492 12.25 32.125 132.5 0.0 0.037 1.027 0.0 -0.03 0.061 32.85 2.48 5.9 159.08
2021-10-14 02:53:35.433 10.75 31.5 128.375 -0.0 0.038 1.026 0.0 0.0 0.03 32.78 2.54 5.95 158.89
2021-10-14 02:53:36.385 11.75 34.875 135.5 0.0 0.037 1.025 0.091 0.0 0.03 32.81 2.65 6.05 158.67
2021-10-14 02:53:37.349 9.75 33.75 135.875 0.001 0.037 1.025 0.0 0.0 0.061 32.78 2.7 6.07 158.48
2021-10-14 02:53:38.327 14.875 25.75 137.875 0.001 0.038 1.023 0.061 -0.03 0.061 32.76 2.19 5.4 158.42
2021-10-14 02:53:39.286 12.375 28.75 134.625 0.001 0.037 1.024 0.03 0.0 0.03 32.77 2.09 5.32 158.29
2021-10-14 02:53:40.235 10.375 30.875 135.625 0.002 0.038 1.024 0.0 -0.03 0.03 32.75 2.21 5.45 158.13
2021-10-14 02:53:41.178 11.25 31.25 134.125 0.001 0.038 1.026 -0.03 0.0 0.061 32.78 2.29 5.54 157.96
2021-10-14 02:53:42.119 10.5 34.5 131.5 0.001 0.037 1.025 0.061 0.0 0.061 32.76 2.6 5.83 157.72
2021-10-14 02:53:43.081 11.25 29.75 133.375 0.0 0.038 1.025 0.061 -0.03 0.03 32.82 2.43 5.66 157.59
2021-10-14 02:53:44.037 10.75 37.0 134.25 0.002 0.038 1.027 0.03 0.0 0.091 32.8 2.76 5.99 157.32
2021-10-14 02:53:44.985 12.75 30.875 129.5 0.001 0.038 1.027 0.0 0.03 0.061 32.8 2.57 5.82 157.17
2021-10-14 02:53:45.945 11.375 33.375 129.375 0.001 0.039 1.027 0.03 0.061 0.0 32.82 2.66 5.91 156.95
2021-10-14 02:53:46.884 13.5 31.625 134.5 0.001 0.039 1.027 -0.03 0.0 0.061 32.84 2.47 5.73 156.8
2021-10-14 02:53:47.833 13.125 33.25 133.625 0.002 0.037 1.027 -0.03 0.03 0.0 32.88 2.46 5.73 156.61
2021-10-14 02:53:48.804 13.0 29.0 131.375 0.0 0.038 1.025 0.03 0.0 0.03 32.83 2.26 5.5 156.49
2021-10-14 02:53:49.771 12.0 33.125 133.0 0.001 0.038 1.025 0.0 0.03 0.03 32.85 2.39 5.62 156.29
2021-10-14 02:53:50.709 12.75 30.25 133.75 0.001 0.038 1.027 0.0 -0.03 0.03 32.9 2.27 5.47 156.15
2021-10-14 02:53:51.671 13.0 30.25 135.875 -0.0 0.037 1.026 0.03 0.061 0.03 32.84 2.18 5.35 156.02
2021-10-14 02:53:52.644 11.125 29.75 134.625 0.001 0.038 1.026 0.03 0.0 0.0 32.85 2.16 5.31 155.88
2021-10-14 02:53:53.603 9.5 31.5 133.875 0.001 0.037 1.024 0.0 -0.03 0.0 32.82 2.33 5.43 155.71
2021-10-14 02:53:54.550 11.25 30.0 132.875 -0.0 0.038 1.025 0.0 0.0 0.061 32.88 2.29 5.38 155.57
2021-10-14 02:53:55.507 14.5 32.875 132.5 0.001 0.038 1.028 0.061 -0.03 0.03 32.89 2.31 5.43 155.38
2021-10-14 02:53:56.467 9.125 30.5 136.75 0.0 0.037 1.027 0.0 0.0 0.03 32.91 2.33 5.39 155.24
2021-10-14 02:53:57.425 9.25 27.875 132.0 0.001 0.037 1.025 0.0 0.03 0.03 32.92 2.24 5.25 155.12
2021-10-14 02:53:58.389 12.375 32.0 134.75 0.001 0.038 1.027 0.061 0.03 0.03 32.92 2.29 5.32 154.95
2021-10-14 02:53:59.341 11.625 32.25 137.5 0.001 0.038 1.025 0.03 -0.03 0.091 32.9 2.32 5.35 154.79
2021-10-14 02:54:00.290 10.75 31.25 135.625 0.001 0.038 1.026 0.03 0.03 0.03 32.85 2.33 5.35 154.64
2021-10-14 02:54:01.261 10.5 31.0 134.125 -0.0 0.038 1.026 0.03 -0.03 0.061 32.87 2.35 5.35 154.49
2021-10-14 02:54:02.195 8.125 32.5 130.0 0.0 0.038 1.026 0.061 0.03 0.091 32.86 2.61 5.54 154.29
2021-10-14 02:54:03.150 14.375 32.875 136.375 0.001 0.038 1.026 0.061 -0.03 0.0 32.85 2.46 5.42 154.13
2021-10-14 02:54:04.099 12.25 34.75 134.75 0.001 0.038 1.026 0.091 0.0 0.03 32.83 2.56 5.54 153.93
2021-10-14 02:54:05.052 14.375 31.75 133.875 0.0 0.037 1.024 0.03 0.03 0.061 32.79 2.39 5.37 153.78
2021-10-14 02:54:05.981 8.25 33.875 131.375 0.002 0.037 1.023 0.061 -0.03 0.0 32.79 2.67 5.57 153.56
2021-10-14 02:54:06.930 13.25 30.5 131.625 0.001 0.037 1.025 0.03 -0.03 0.061 32.86 2.43 5.34 153.43
2021-10-14 02:54:07.888 11.5 32.375 133.375 0.001 0.038 1.026 0.061 0.03 0.061 32.85 2.45 5.35 153.26
2021-10-14 02:54:08.855 12.875 29.5 133.875 0.0 0.038 1.027 0.0 0.0 0.0 32.84 2.25 5.15 153.14
2021-10-14 02:54:09.787 9.25 36.375 132.0 0.0 0.038 1.024 0.03 0.0 0.0 32.79 2.72 5.52 152.88
2021-10-14 02:54:10.733 11.25 32.5 134.25 0.001 0.039 1.026 0.03 0.0 0.0 32.83 2.63 5.44 152.72
2021-10-14 02:54:11.679 15.625 35.75 137.625 0.001 0.038 1.024 0.03 0.0 0.061 32.79 2.55 5.41 152.53
2021-10-14 02:54:12.657 12.125 26.25 136.125 0.001 0.039 1.023 0.0 0.0 -0.03 32.71 2.14 4.96 152.46
2021-10-14 02:54:13.590 8.625 28.375 129.5 0.001 0.038 1.023 0.03 0.03 0.03 32.67 2.19 4.99 152.33
2021-10-14 02:54:14.568 8.5 28.25 133.125 0.0 0.038 1.024 -0.061 0.03 -0.03 32.67 2.2 4.96 152.2
2021-10-14 02:54:15.514 13.375 30.875 133.625 0.0 0.039 1.025 0.0 0.03 0.03 32.66 2.17 4.95 152.06
2021-10-14 02:54:16.479 11.25 33.625 131.125 0.0 0.038 1.026 0.0 0.03 0.0 32.67 2.42 5.17 151.85
2021-10-14 02:54:17.442 11.625 31.875 130.0 0.001 0.037 1.025 0.03 -0.061 0.03 32.66 2.43 5.18 151.67
2021-10-14 02:54:18.383 11.625 32.875 132.75 0.001 0.039 1.026 -0.03 0.03 0.0 32.59 2.46 5.23 151.5
2021-10-14 02:54:19.334 11.875 32.625 134.75 -0.001 0.037 1.024 -0.03 0.0 0.061 32.57 2.45 5.19 151.34
2021-10-14 02:54:20.283 10.375 33.5 131.75 0.001 0.037 1.026 0.03 0.0 0.061 32.52 2.58 5.28 151.15
2021-10-14 02:54:21.243 12.0 32.375 134.5 0.0 0.037 1.026 0.0 0.0 0.0 32.52 2.49 5.19 150.99
2021-10-14 02:54:22.171 10.375 34.25 128.75 0.001 0.038 1.025 0.03 0.0 0.061 32.57 2.67 5.35 150.78
2021-10-14 02:54:23.121 13.625 30.125 134.875 0.0 0.037 1.026 -0.03 0.03 0.03 32.6 2.36 5.03 150.67
2021-10-14 02:54:24.083 7.0 31.875 133.75 0.001 0.038 1.024 -0.03 -0.03 0.03 32.59 2.55 5.14 150.5
2021-10-14 02:54:25.051 15.125 36.375 134.125 0.001 0.038 1.026 0.0 0.0 0.061 32.54 2.58 5.21 150.29
2021-10-14 02:54:25.987 13.375 31.0 133.875 0.001 0.038 1.027 -0.03 0.0 0.03 32.53 2.36 5.01 150.17
2021-10-14 02:54:26.937 12.875 30.375 134.625 0.0 0.038 1.026 0.0 0.0 0.091 32.51 2.22 4.86 150.05
2021-10-14 02:54:27.882 9.875 29.875 131.75 0.001 0.039 1.026 0.03 -0.061 0.061 32.59 2.23 4.88 149.91
2021-10-14 02:54:28.842 15.5 28.375 134.75 0.001 0.039 1.026 0.03 0.03 0.03 32.59 1.95 4.6 149.83
2021-10-14 02:54:29.800 11.75 34.625 131.125 0.001 0.037 1.025 0.03 0.03 0.03 32.61 2.3 4.89 149.6
2021-10-14 02:54:30.752 11.875 31.0 132.5 0.0 0.038 1.026 0.03 -0.03 -0.03 32.62 2.26 4.87 149.46
2021-10-14 02:54:31.700 15.375 28.125 129.875 0.001 0.038 1.025 0.03 -0.03 0.03 32.63 1.98 4.58 149.37
2021-10-14 02:54:32.697 9.0 32.625 134.0 0.001 0.038 1.025 0.03 0.03 0.061 32.59 2.29 4.82 149.19
2021-10-14 02:54:33.629 11.625 28.625 132.875 0.001 0.037 1.026 0.0 0.0 0.03 32.63 2.13 4.66 149.08
2021-10-14 02:54:34.595 10.0 32.5 134.0 0.001 0.039 1.026 0.03 0.0 -0.03 32.64 2.32 4.83 148.9
2021-10-14 02:54:35.543 10.75 31.5 136.25 0.0 0.038 1.025 0.091 0.0 0.061 32.67 2.31 4.82 148.76
2021-10-14 02:54:36.518 8202.25 30.875 135.125 0.001 0.038 1.025 0.03 0.0 0.03 32.58 1.89 4.34 155.26
2021-10-14 02:54:37.447 11.0 32.625 129.125 0.001 0.037 1.025 -0.03 -0.03 0.03 32.63 2.35 4.87 155.01
2021-10-14 02:54:38.409 14.0 31.125 136.875 0.002 0.038 1.026 0.03 0.0 0.061 32.56 2.28 4.94 154.86
2021-10-14 02:54:39.362 10.5 30.5 135.125 0.0 0.038 1.026 0.061 0.0 0.061 32.57 2.34 5.06 154.71
2021-10-14 02:54:40.333 11.875 29.875 137.125 0.001 0.038 1.025 0.0 -0.061 0.03 32.56 2.25 5.03 154.57
2021-10-14 02:54:41.283 10.25 32.0 133.0 0.001 0.038 1.026 0.03 0.0 0.03 32.55 2.42 5.23 154.39
2021-10-14 02:54:42.236 10.625 34.125 135.5 0.0 0.039 1.024 0.061 0.0 0.03 32.55 2.6 5.43 154.18
2021-10-14 02:54:43.193 11.75 33.875 131.125 0.001 0.039 1.026 -0.03 -0.03 0.061 32.57 2.67 5.54 153.98
2021-10-14 02:54:44.148 14.125 29.125 133.375 0.0 0.037 1.027 -0.03 -0.03 0.0 32.61 2.34 5.21 153.87
2021-10-14 02:54:45.099 9.125 30.875 135.5 0.0 0.038 1.027 0.03 0.0 0.061 32.6 2.4 5.24 153.72
2021-10-14 02:54:46.047 11.375 33.5 133.625 0.001 0.038 1.026 0.061 -0.061 0.03 32.63 2.51 5.37 153.53
2021-10-14 02:54:47.006 13.0 31.125 135.625 0.001 0.038 1.025 0.0 -0.03 0.03 32.56 2.35 5.23 153.39
2021-10-14 02:54:47.964 11.375 30.375 135.125 0.0 0.038 1.025 0.0 -0.03 0.091 32.63 2.29 5.16 153.26
2021-10-14 02:54:48.921 11.5 31.125 133.5 0.001 0.037 1.025 0.0 0.03 0.03 32.65 2.3 5.16 153.1
2021-10-14 02:54:49.875 8.625 29.75 132.0 0.001 0.039 1.027 0.03 0.0 0.03 32.63 2.35 5.19 152.96
2021-10-14 02:54:50.829 13.75 29.625 134.125 0.001 0.038 1.026 0.061 0.03 0.061 32.67 2.17 5.02 152.84
2021-10-14 02:54:51.783 11.375 32.0 139.375 0.001 0.038 1.026 0.061 0.0 0.03 32.66 2.22 5.07 152.69
2021-10-14 02:54:52.736 8203.0 30.125 133.75 0.002 0.039 1.027 0.0 0.0 0.061 32.7 1.8 4.53 158.42
2021-10-14 02:54:53.696 10.875 34.75 133.625 0.0 0.039 1.028 -0.03 -0.03 0.061 32.72 2.4 5.21 158.14
2021-10-14 02:54:54.650 13.75 30.875 132.875 0.001 0.037 1.028 0.0 -0.03 0.091 32.71 2.36 5.3 157.97
2021-10-14 02:54:55.612 12.75 29.25 133.5 0.002 0.038 1.026 0.0 0.03 0.03 32.67 2.25 5.27 157.83
2021-10-14 02:54:56.570 12.0 31.25 136.25 0.001 0.038 1.026 -0.03 0.0 0.03 32.71 2.29 5.37 157.66
2021-10-14 02:54:57.519 12.25 32.25 134.75 0.001 0.038 1.027 0.091 -0.03 0.03 32.73 2.36 5.51 157.48
2021-10-14 02:54:58.473 10.875 31.625 134.0 -0.0 0.038 1.026 -0.03 0.0 0.03 32.72 2.42 5.58 157.3
2021-10-14 02:54:59.419 11.5 29.75 135.75 0.0 0.038 1.026 0.061 0.03 0.061 32.77 2.31 5.47 157.17
2021-10-14 02:55:00.391 12.75 28.25 135.375 0.001 0.038 1.026 0.03 -0.061 0.061 32.76 2.12 5.27 157.06
2021-10-14 02:55:01.347 10.75 35.0 133.25 0.001 0.038 1.026 0.03 -0.03 0.03 32.73 2.49 5.64 156.82
2021-10-14 02:55:02.287 9.125 30.25 130.75 0.002 0.038 1.027 0.03 0.0 0.061 32.73 2.49 5.63 156.66
2021-10-14 02:55:03.240 8.25 31.0 134.25 0.0 0.038 1.025 0.03 0.0 0.091 32.7 2.54 5.64 156.51
2021-10-14 02:55:04.196 13.75 39.0 134.0 0.002 0.038 1.027 -0.03 0.0 0.061 32.7 2.82 5.97 156.21
2021-10-14 02:55:05.156 11.75 29.625 133.375 0.002 0.04 1.027 -0.03 0.0 0.061 32.68 2.52 5.69 156.09
2021-10-14 02:55:06.099 11.0 29.625 134.0 0.001 0.038 1.025 0.03 0.0 0.061 32.68 2.35 5.51 155.96
2021-10-14 02:55:07.060 10.375 30.375 135.5 0.001 0.038 1.025 0.0 0.0 0.03 32.72 2.31 5.45 155.82
2021-10-14 02:55:08.009 15.25 34.75 128.875 0.001 0.037 1.026 0.03 -0.03 0.061 32.67 2.44 5.62 155.58
2021-10-14 02:55:08.967 14.75 30.125 137.125 0.002 0.039 1.026 0.061 0.03 0.03 32.7 2.19 5.35 155.47
2021-10-14 02:55:09.929 11.375 32.75 130.625 0.001 0.039 1.027 0.03 0.0 0.03 32.69 2.38 5.53 155.26
2021-10-14 02:55:10.885 13.375 35.0 136.25 0.001 0.038 1.026 0.03 0.0 0.061 32.67 2.47 5.62 155.06
2021-10-14 02:55:11.849 13.875 29.125 134.875 0.001 0.039 1.027 -0.03 -0.03 0.061 32.67 2.2 5.32 154.95
2021-10-14 02:55:12.790 10.875 31.875 134.875 0.002 0.038 1.025 -0.03 0.0 0.061 32.62 2.28 5.38 154.79
2021-10-14 02:55:13.737 11.75 28.5 135.5 0.002 0.038 1.026 0.061 -0.03 0.03 32.63 2.1 5.18 154.68
2021-10-14 02:55:14.699 12.375 34.25 134.875 0.002 0.038 1.026 -0.03 0.03 0.03 32.63 2.31 5.38 154.47
2021-10-14 02:55:15.657 13.25 34.0 138.75 0.0 0.039 1.026 0.03 -0.03 0.03 32.65 2.36 5.42 154.29
2021-10-14 02:55:16.616 12.0 28.5 137.375 0.001 0.037 1.027 0.0 -0.03 0.0 32.69 2.13 5.15 154.19
2021-10-14 02:55:17.561 10.875 30.125 133.875 0.002 0.039 1.026 0.03 -0.061 0.0 32.69 2.15 5.17 154.04
2021-10-14 02:55:18.520 10.25 32.125 131.0 0.003 0.039 1.028 0.061 -0.061 0.061 32.7 2.32 5.34 153.85
2021-10-14 02:55:19.464 14.375 30.875 135.375 0.002 0.039 1.027 0.0 0.0 0.0 32.72 2.17 5.2 153.72
2021-10-14 02:55:20.421 12.0 28.75 137.5 0.001 0.038 1.027 0.03 0.0 0.03 32.73 2.03 5.03 153.61
2021-10-14 02:55:21.367 15.5 31.875 132.25 0.002 0.038 1.028 0.061 -0.03 0.061 32.74 2.04 5.06 153.45
2021-10-14 02:55:22.313 13.0 29.0 130.75 0.001 0.038 1.027 0.061 0.061 0.03 32.77 2.0 4.99 153.32
2021-10-14 02:55:23.281 8.5 30.25 132.875 0.001 0.038 1.027 0.061 0.0 0.061 32.76 2.19 5.12 153.16
2021-10-14 02:55:24.254 9.25 32.625 132.625 0.001 0.038 1.026 0.061 0.0 0.061 32.78 2.43 5.3 152.97
2021-10-14 02:55:25.217 9.875 33.875 135.5 0.001 0.038 1.027 0.03 0.03 0.03 32.8 2.58 5.42 152.78
2021-10-14 02:55:26.172 9.0 32.75 132.5 0.0 0.038 1.027 0.03 -0.03 0.0 32.78 2.67 5.47 152.6
2021-10-14 02:55:27.114 9.125 28.0 134.625 0.002 0.038 1.027 0.03 0.0 0.03 32.82 2.4 5.2 152.5
2021-10-14 02:55:28.058 12.125 33.875 133.75 0.001 0.039 1.026 0.03 0.0 0.03 32.81 2.48 5.31 152.31
2021-10-14 02:55:29.008 8201.0 32.875 134.75 0.002 0.038 1.026 0.03 -0.03 0.061 32.8 2.02 4.73 158.11
2021-10-14 02:55:29.992 12.625 30.0 131.25 0.002 0.039 1.027 0.061 -0.03 0.03 32.86 2.15 5.04 157.92
2021-10-14 02:55:30.925 10.5 32.375 128.125 0.001 0.04 1.027 0.03 0.0 0.03 32.87 2.48 5.46 157.69
2021-10-14 02:55:31.884 9.875 32.625 134.25 0.0 0.039 1.027 -0.03 0.03 0.03 32.89 2.61 5.63 157.5
2021-10-14 02:55:32.828 11.25 30.75 131.875 0.001 0.037 1.027 -0.03 0.0 0.0 32.88 2.53 5.59 157.34
2021-10-14 02:55:33.829 15.125 33.5 136.375 0.001 0.039 1.027 0.03 0.03 0.03 32.92 2.46 5.61 157.15
2021-10-14 02:55:34.758 9.125 34.125 128.5 0.001 0.038 1.027 0.0 0.0 0.03 32.89 2.75 5.89 156.91
2021-10-14 02:55:35.718 9.75 32.25 134.75 0.001 0.038 1.028 0.03 0.0 0.03 32.9 2.69 5.83 156.75
2021-10-14 02:55:36.671 12.0 28.0 135.875 0.002 0.039 1.027 0.0 -0.03 0.03 32.92 2.33 5.47 156.65
2021-10-14 02:55:37.632 13.375 32.875 134.25 0.001 0.039 1.026 0.0 0.0 0.0 32.89 2.37 5.55 156.46
2021-10-14 02:55:38.560 8201.125 29.125 133.0 0.0 0.039 1.025 0.0 0.0 0.03 32.91 1.93 4.91 161.43
2021-10-14 02:55:39.510 13.25 32.5 135.25 0.001 0.039 1.026 0.0 -0.03 0.03 32.89 2.21 5.36 161.2
2021-10-14 02:55:40.476 11.25 34.5 133.0 0.001 0.038 1.025 -0.03 -0.03 0.061 32.88 2.56 5.81 160.95
2021-10-14 02:55:41.421 13.5 30.375 133.5 0.002 0.038 1.027 0.091 -0.03 0.061 32.92 2.4 5.76 160.79
2021-10-14 02:55:42.367 11.125 30.875 134.875 0.0 0.037 1.027 0.0 0.0 0.03 32.92 2.4 5.78 160.62
2021-10-14 02:55:43.317 13.75 32.0 135.75 0.001 0.039 1.026 0.091 -0.03 0.061 32.94 2.36 5.81 160.45
2021-10-14 02:55:44.281 10.375 29.75 135.0 0.002 0.039 1.028 0.0 -0.03 0.03 32.91 2.29 5.76 160.31
2021-10-14 02:55:45.228 8203.0 31.0 136.625 0.001 0.038 1.027 0.0 -0.061 0.091 32.92 1.84 5.04 164.48
2021-10-14 02:55:46.189 10.75 31.0 132.75 0.0 0.039 1.025 0.0 0.0 0.091 32.9 2.2 5.55 164.27
2021-10-14 02:55:47.139 11.0 32.375 133.375 0.002 0.039 1.026 0.0 0.0 0.0 32.92 2.42 5.92 164.05
2021-10-14 02:55:48.089 15.375 26.75 131.25 0.001 0.039 1.027 0.061 -0.03 0.061 32.91 2.13 5.68 163.93
2021-10-14 02:55:49.051 11.375 31.375 134.125 0.001 0.037 1.026 0.061 0.03 0.03 32.92 2.28 5.89 163.73
2021-10-14 02:55:50.010 8.5 30.625 131.625 0.002 0.038 1.027 0.03 -0.03 0.061 32.93 2.41 6.05 163.56
2021-10-14 02:55:50.946 9.875 33.0 131.0 0.0 0.038 1.026 -0.03 0.0 0.03 32.94 2.61 6.29 163.34
2021-10-14 02:55:51.895 11.375 32.25 135.375 0.001 0.038 1.027 0.0 0.0 0.03 32.93 2.56 6.27 163.16
2021-10-14 02:55:52.845 15.625 34.25 132.75 0.002 0.038 1.027 0.061 -0.03 0.0 32.93 2.54 6.36 162.93
2021-10-14 02:55:53.791 11.75 31.875 134.625 0.002 0.039 1.026 -0.03 0.0 0.061 32.93 2.46 6.29 162.76
2021-10-14 02:55:54.758 10.25 38.5 133.125 0.001 0.039 1.026 0.0 -0.03 0.061 32.93 2.9 6.73 162.45
2021-10-14 02:55:55.711 11.5 32.375 134.75 0.002 0.039 1.026 0.03 0.0 0.03 32.94 2.69 6.53 162.29
2021-10-14 02:55:56.658 16388.625 34.375 134.5 0.002 0.039 1.026 0.03 -0.061 0.03 32.96 2.16 5.7 166.04
2021-10-14 02:55:57.610 11.875 31.25 132.875 0.001 0.039 1.026 0.0 0.03 0.03 32.93 2.31 6.0 165.84
2021-10-14 02:55:58.566 9.0 32.125 135.5 0.002 0.037 1.027 0.091 0.0 0.03 32.92 2.47 6.23 165.65
2021-10-14 02:55:59.499 11.125 30.875 129.125 0.002 0.039 1.027 0.03 0.0 0.091 32.93 2.48 6.34 165.46
2021-10-14 02:56:00.448 8.25 30.25 136.75 0.001 0.037 1.028 0.0 0.0 0.061 32.93 2.43 6.27 165.32
2021-10-14 02:56:01.412 11.125 30.75 132.875 0.001 0.039 1.027 -0.03 0.0 -0.03 32.93 2.4 6.29 165.14
2021-10-14 02:56:02.364 11.25 30.25 135.5 0.002 0.039 1.027 0.0 -0.061 0.03 32.91 2.29 6.23 164.99
2021-10-14 02:56:03.295 9.0 36.875 133.0 0.002 0.039 1.026 -0.061 -0.03 0.061 32.91 2.76 6.7 164.71
2021-10-14 02:56:04.257 8201.0 34.125 132.25 0.002 0.039 1.026 0.061 0.0 0.0 32.89 2.2 5.8 167.94
2021-10-14 02:56:05.211 14.625 30.25 136.125 0.001 0.038 1.026 0.03 -0.03 0.061 32.89 2.17 5.96 167.75
2021-10-14 02:56:06.179 10.75 33.5 128.75 0.002 0.039 1.025 -0.03 0.0 0.03 32.91 2.52 6.46 167.49
2021-10-14 02:56:07.118 10.375 34.0 134.375 0.002 0.039 1.026 0.0 0.03 0.03 32.89 2.65 6.7 167.27
2021-10-14 02:56:08.061 10.125 32.25 133.0 0.002 0.039 1.025 0.091 -0.03 0.061 32.87 2.61 6.74 167.08
2021-10-14 02:56:09.016 14.25 30.5 133.125 0.001 0.038 1.026 0.0 -0.03 0.03 32.89 2.4 6.54 166.91
2021-10-14 02:56:09.999 12.5 28.75 132.0 0.001 0.039 1.025 0.0 0.0 0.03 32.88 2.23 6.36 166.77
2021-10-14 02:56:10.936 12.375 32.375 134.5 0.001 0.039 1.026 -0.03 -0.03 0.03 32.89 2.29 6.47 166.57
2021-10-14 02:56:11.878 8.75 28.75 135.75 0.001 0.038 1.026 0.03 -0.091 -0.03 32.92 2.19 6.3 166.44
2021-10-14 02:56:12.826 15.375 32.125 138.625 0.002 0.038 1.026 0.091 0.03 0.061 32.91 2.14 6.3 166.26
2021-10-14 02:56:13.819 8201.75 29.625 130.0 0.003 0.039 1.026 0.0 -0.03 0.0 32.93 1.7 5.45 169.18
2021-10-14 02:56:14.754 11.5 34.0 129.625 0.001 0.039 1.025 0.091 -0.03 0.03 32.93 2.28 6.24 168.87
2021-10-14 02:56:15.696 9.25 34.375 134.625 0.002 0.04 1.026 0.0 -0.061 0.03 32.94 2.58 6.67 168.64
2021-10-14 02:56:16.652 12.625 33.375 131.375 0.001 0.038 1.026 0.03 -0.03 0.03 32.94 2.6 6.83 168.4
2021-10-14 02:56:17.634 8.5 32.125 132.5 0.001 0.038 1.027 0.061 0.03 0.03 32.93 2.63 6.87 168.22
2021-10-14 02:56:18.570 12.125 31.625 130.625 0.002 0.038 1.028 0.0 0.0 -0.03 32.94 2.52 6.82 168.02
2021-10-14 02:56:19.513 10.5 34.25 133.375 0.001 0.038 1.028 0.03 0.0 0.03 32.94 2.62 6.96 167.8
2021-10-14 02:56:20.464 12.5 30.125 135.25 0.001 0.038 1.027 0.0 -0.061 0.061 32.96 2.37 6.68 167.65
2021-10-14 02:56:21.448 8.25 34.375 131.875 0.001 0.04 1.027 0.03 -0.03 0.03 32.98 2.66 6.95 167.43
2021-10-14 02:56:22.384 12.75 32.125 132.0 0.001 0.037 1.027 0.03 -0.03 0.061 33.0 2.53 6.84 167.24
2021-10-14 02:56:23.337 8201.0 34.0 134.375 0.001 0.038 1.027 0.03 -0.061 0.03 33.0 2.02 5.87 169.93
2021-10-14 02:56:24.295 8203.125 33.75 133.125 0.0 0.039 1.026 0.0 0.0 0.061 32.95 1.61 5.1 172.06
2021-10-14 02:56:25.274 10.625 36.0 129.75 0.001 0.039 1.027 0.122 0.0 0.0 32.95 2.48 6.3 171.68
2021-10-14 02:56:26.214 10.875 31.75 133.75 0.001 0.038 1.026 0.0 0.0 0.061 32.95 2.54 6.59 171.48
2021-10-14 02:56:27.168 11.75 36.125 135.875 0.002 0.04 1.025 0.03 0.0 0.03 32.92 2.73 7.05 171.2
2021-10-14 02:56:28.111 11.625 31.5 135.625 0.001 0.038 1.024 0.0 0.0 0.061 32.91 2.56 6.95 171.03
2021-10-14 02:56:29.042 10.375 29.75 130.375 0.001 0.038 1.023 0.091 0.0 0.061 32.9 2.43 6.87 170.86
2021-10-14 02:56:29.998 14.75 32.875 136.25 0.001 0.039 1.025 0.03 0.03 0.061 32.88 2.35 6.9 170.66
2021-10-14 02:56:30.949 8.75 33.0 132.75 0.002 0.039 1.025 0.03 0.0 0.061 32.85 2.49 7.06 170.46
2021-10-14 02:56:31.890 10.5 32.875 134.25 0.002 0.039 1.026 0.061 -0.061 0.0 32.89 2.47 7.09 170.26
2021-10-14 02:56:32.821 10.625 33.875 126.0 0.001 0.038 1.026 0.0 -0.03 0.061 32.9 2.64 7.31 170.01
2021-10-14 02:56:33.792 9.875 35.75 138.25 0.002 0.039 1.028 0.061 0.0 0.0 32.91 2.69 7.37 169.8
2021-10-14 02:56:34.763 11.5 30.5 133.875 0.001 0.038 1.027 0.0 -0.03 0.03 32.93 2.44 7.05 169.64
2021-10-14 02:56:35.706 11.875 34.625 133.5 0.002 0.039 1.027 0.0 -0.061 0.03 32.94 2.52 7.19 169.41
2021-10-14 02:56:36.640 9.125 32.125 131.875 0.001 0.038 1.026 0.03 0.0 0.03 32.92 2.51 7.13 169.23
2021-10-14 02:56:37.616 8204.125 30.25 135.625 0.002 0.039 1.027 0.061 0.061 0.061 32.93 1.99 6.1 171.51
2021-10-14 02:56:38.569 13.0 34.875 134.125 0.001 0.039 1.027 0.03 -0.03 0.061 32.93 2.34 6.69 171.23
2021-10-14 02:56:39.510 9.75 28.5 133.25 0.002 0.039 1.028 0.03 -0.03 0.091 32.92 2.2 6.59 171.09
2021-10-14 02:56:40.438 11.75 32.5 127.25 0.002 0.039 1.027 0.061 -0.03 0.091 32.93 2.38 6.93 170.85
2021-10-14 02:56:41.390 11.25 31.375 137.375 0.002 0.039 1.027 0.061 -0.03 0.061 32.93 2.29 6.86 170.69
2021-10-14 02:56:42.340 12.75 30.875 134.0 0.002 0.039 1.026 0.03 0.0 0.03 32.94 2.2 6.81 170.51
2021-10-14 02:56:43.305 14.5 32.375 131.625 0.001 0.039 1.027 0.0 0.061 0.03 32.93 2.22 6.9 170.29
2021-10-14 02:56:44.235 5.875 32.875 129.5 0.001 0.039 1.027 0.03 -0.061 0.061 32.91 2.56 7.13 170.09
2021-10-14 02:56:45.199 12.25 30.25 133.0 0.001 0.038 1.026 0.0 0.0 0.091 32.92 2.36 6.91 169.93
2021-10-14 02:56:46.156 11.125 29.375 134.25 0.001 0.038 1.026 0.061 0.0 0.061 32.89 2.21 6.7 169.79
2021-10-14 02:56:47.126 12.375 32.875 134.875 -0.0 0.038 1.025 0.0 0.0 0.091 32.85 2.3 6.81 169.59
2021-10-14 02:56:48.056 12.75 31.625 130.25 0.002 0.038 1.026 0.061 0.03 0.091 32.89 2.29 6.85 169.39
2021-10-14 02:56:49.025 11.75 30.0 135.375 0.002 0.039 1.027 0.091 0.03 0.091 32.89 2.16 6.69 169.24
2021-10-14 02:56:49.976 14.25 31.875 132.25 0.0 0.039 1.025 0.03 -0.03 0.03 32.86 2.18 6.74 169.04
2021-10-14 02:56:50.928 11.625 32.125 135.875 0.001 0.038 1.025 0.0 0.0 0.061 32.84 2.21 6.75 168.86
2021-10-14 02:56:51.877 8.0 32.0 134.75 0.002 0.039 1.025 0.03 -0.03 0.061 32.84 2.33 6.81 168.69
2021-10-14 02:56:52.824 14.0 30.75 132.875 0.002 0.039 1.027 0.03 0.03 0.061 32.87 2.21 6.7 168.51
2021-10-14 02:56:53.795 16.125 29.875 134.0 0.001 0.039 1.026 0.0 0.0 0.061 32.87 2.04 6.5 168.35
2021-10-14 02:56:54.755 14.5 32.125 135.125 0.001 0.038 1.026 0.061 0.0 0.03 32.92 2.08 6.55 168.15
2021-10-14 02:56:55.711 12.875 33.75 136.125 0.001 0.039 1.026 0.03 0.03 0.061 32.9 2.22 6.71 167.94
2021-10-14 02:56:56.659 12.0 31.25 134.75 0.001 0.038 1.025 0.0 0.0 0.091 32.91 2.19 6.64 167.77
2021-10-14 02:56:57.619 12.125 31.5 132.5 0.001 0.038 1.026 0.0 -0.03 0.091 32.91 2.22 6.65 167.59
2021-10-14 02:56:58.582 11.875 34.25 131.625 0.001 0.039 1.025 0.061 -0.03 0.061 32.89 2.41 6.87 167.35
2021-10-14 02:56:59.523 10.625 35.75 134.0 0.001 0.039 1.025 0.0 -0.03 0.061 32.91 2.61 7.07 167.11
2021-10-14 02:57:00.468 9.375 32.875 134.25 0.002 0.039 1.027 0.03 0.03 -0.03 32.92 2.58 6.99 166.93
2021-10-14 02:57:01.420 11.75 30.625 132.375 0.002 0.038 1.026 0.03 -0.03 0.061 32.94 2.4 6.76 166.77
2021-10-14 02:57:02.379 12.25 31.75 132.625 0.001 0.038 1.025 0.0 -0.061 0.0 32.93 2.35 6.69 166.59
2021-10-14 02:57:03.314 13.5 31.875 130.5 0.001 0.039 1.026 0.0 0.03 0.03 32.91 2.32 6.67 166.39
2021-10-14 02:57:04.274 11.5 29.375 136.125 0.002 0.039 1.025 0.0 -0.03 0.061 32.91 2.15 6.43 166.26
2021-10-14 02:57:05.226 13.875 30.875 135.875 0.002 0.039 1.025 0.0 0.03 0.061 32.92 2.08 6.34 166.1
2021-10-14 02:57:06.181 11.625 31.75 132.875 0.001 0.038 1.026 -0.03 0.0 0.03 32.91 2.19 6.43 165.91
2021-10-14 02:57:07.134 14.375 33.0 135.0 0.002 0.038 1.026 0.061 -0.03 0.091 32.93 2.21 6.48 165.7
2021-10-14 02:57:08.087 10.375 33.125 134.125 0.002 0.038 1.027 -0.061 0.0 0.152 32.96 2.36 6.59 165.51
2021-10-14 02:57:09.060 11.625 32.25 132.875 0.001 0.038 1.026 0.091 0.0 0.091 32.93 2.37 6.58 165.33
2021-10-14 02:57:10.020 11.0 33.875 136.125 0.002 0.037 1.026 0.0 -0.03 0.03 32.96 2.45 6.63 165.12
2021-10-14 02:57:10.959 12.25 31.375 131.75 0.003 0.04 1.026 0.0 0.0 0.0 32.97 2.36 6.56 164.95
2021-10-14 02:57:11.909 9.875 32.25 133.25 0.001 0.038 1.026 0.0 0.0 0.091 32.94 2.42 6.57 164.77
2021-10-14 02:57:12.858 9.375 32.5 133.75 0.002 0.038 1.026 0.0 -0.03 0.091 32.96 2.48 6.58 164.59
2021-10-14 02:57:13.812 14.375 31.75 135.0 0.0 0.039 1.026 0.0 -0.03 -0.03 32.98 2.35 6.43 164.41
2021-10-14 02:57:14.754 9.25 27.125 134.0 0.002 0.038 1.027 0.03 -0.03 0.03 32.98 2.13 6.11 164.31
2021-10-14 02:57:15.700 13.625 29.875 134.5 0.001 0.038 1.026 0.03 0.0 0.03 32.99 2.07 6.03 164.15
2021-10-14 02:57:16.657 12.625 28.25 131.625 0.002 0.039 1.025 0.061 0.0 0.061 32.99 1.98 5.93 164.01
2021-10-14 02:57:17.606 13.375 32.625 135.25 0.003 0.039 1.025 0.0 -0.061 0.0 32.99 2.11 6.11 163.81
2021-10-14 02:57:18.601 14.875 34.625 134.5 0.001 0.038 1.025 0.0 0.0 -0.03 32.96 2.27 6.31 163.57
2021-10-14 02:57:19.539 6.125 29.875 131.625 0.001 0.039 1.025 0.0 0.061 0.061 32.94 2.4 6.31 163.42
2021-10-14 02:57:20.506 14.25 32.875 135.5 0.001 0.039 1.024 0.0 -0.03 0.03 32.95 2.36 6.29 163.23
2021-10-14 02:57:21.459 10.75 36.0 132.5 0.001 0.038 1.025 0.03 0.03 0.03 32.96 2.66 6.59 162.97
2021-10-14 02:57:22.425 9.75 29.375 137.625 0.002 0.039 1.025 0.0 0.03 0.03 32.93 2.41 6.26 162.85
2021-10-14 02:57:23.394 13.0 30.0 131.875 0.001 0.039 1.026 0.0 -0.03 0.0 32.94 2.28 6.12 162.7
2021-10-14 02:57:24.338 9.875 30.375 133.0 0.001 0.039 1.027 0.0 -0.03 0.0 32.96 2.3 6.11 162.54
2021-10-14 02:57:25.287 11.375 28.75 136.375 0.001 0.038 1.026 0.03 0.0 0.061 32.95 2.15 5.9 162.42
2021-10-14 02:57:26.230 8.375 33.625 132.5 0.001 0.038 1.026 0.061 -0.03 0.0 32.95 2.5 6.21 162.19
2021-10-14 02:57:27.206 11.25 32.0 135.75 0.002 0.038 1.025 0.03 0.0 0.061 32.95 2.45 6.18 162.02
2021-10-14 02:57:28.136 9.25 35.125 129.75 0.001 0.038 1.025 0.03 0.0 0.03 32.94 2.77 6.48 161.77
2021-10-14 02:57:29.089 8201.125 34.0 133.625 0.001 0.038 1.025 0.061 -0.061 0.061 32.94 2.24 5.63 165.62
2021-10-14 02:57:30.032 12.25 32.125 134.625 0.001 0.039 1.026 0.03 0.0 0.03 32.93 2.38 5.97 165.41
2021-10-14 02:57:31.006 12.875 33.375 134.375 0.002 0.04 1.026 0.0 0.0 0.122 32.95 2.48 6.25 165.19
2021-10-14 02:57:31.955 14.875 34.25 133.375 0.002 0.039 1.025 0.03 -0.03 0.03 32.94 2.52 6.45 164.95
2021-10-14 02:57:32.910 9.0 33.75 135.875 0.002 0.04 1.026 0.061 -0.03 0.061 32.91 2.63 6.59 164.75
2021-10-14 02:57:33.857 8200.625 30.875 135.25 0.001 0.039 1.026 0.0 0.0 0.0 32.9 2.11 5.7 167.98
2021-10-14 02:57:34.800 11.375 32.25 133.875 0.001 0.038 1.026 0.061 0.0 0.061 32.91 2.35 6.13 167.75
2021-10-14 02:57:35.736 8.625 34.25 132.875 0.001 0.039 1.027 0.03 0.0 0.091 32.91 2.68 6.58 167.52
2021-10-14 02:57:36.681 13.25 30.875 131.125 0.002 0.039 1.024 0.03 0.0 0.03 32.89 2.53 6.54 167.33
2021-10-14 02:57:37.637 11.75 30.25 133.375 0.002 0.039 1.025 0.03 -0.03 0.03 32.89 2.39 6.48 167.16
2021-10-14 02:57:38.590 13.0 28.625 135.25 0.002 0.038 1.026 -0.03 -0.03 0.061 32.93 2.17 6.25 167.03
2021-10-14 02:57:39.553 11.125 31.75 132.125 0.001 0.039 1.024 0.0 0.0 0.03 32.91 2.3 6.43 166.83
2021-10-14 02:57:40.495 10.25 32.25 134.375 0.001 0.039 1.025 0.03 0.0 0.0 32.92 2.39 6.55 166.64
2021-10-14 02:57:41.438 10.5 30.375 135.75 0.001 0.039 1.023 0.0 0.061 0.03 32.91 2.31 6.44 166.49
2021-10-14 02:57:42.400 11.375 31.375 135.125 0.0 0.038 1.024 0.0 0.0 0.03 32.88 2.32 6.44 166.32
2021-10-14 02:57:43.357 11.125 30.5 133.625 0.002 0.04 1.026 0.0 -0.03 0.03 32.88 2.26 6.41 166.16
2021-10-14 02:57:44.296 9.125 35.75 133.0 0.001 0.039 1.025 0.0 0.0 0.091 32.88 2.65 6.79 165.9
2021-10-14 02:57:45.245 11.75 32.0 136.75 0.001 0.039 1.025 0.061 0.0 0.061 32.86 2.5 6.64 165.74
2021-10-14 02:57:46.200 10.75 31.625 136.125 0.001 0.04 1.024 0.03 0.03 0.091 32.91 2.43 6.56 165.58
2021-10-14 02:57:47.172 10.875 33.375 132.25 0.002 0.038 1.026 0.122 -0.03 0.03 32.91 2.51 6.67 165.37
2021-10-14 02:57:48.121 10.25 32.625 131.0 0.001 0.039 1.026 0.0 0.0 0.0 32.92 2.56 6.71 165.17
2021-10-14 02:57:49.071 12.25 31.0 136.25 0.002 0.038 1.026 0.061 0.0 0.0 32.91 2.37 6.48 165.01
2021-10-14 02:57:50.021 9.5 32.75 134.375 0.002 0.039 1.027 0.03 0.0 0.03 32.93 2.46 6.56 164.83
2021-10-14 02:57:50.995 10.0 30.625 129.5 0.002 0.039 1.026 -0.03 0.0 0.03 32.9 2.42 6.52 164.66
2021-10-14 02:57:51.932 12.125 33.375 130.25 0.002 0.04 1.026 0.0 0.0 0.03 32.91 2.5 6.63 164.44
2021-10-14 02:57:52.883 11.375 30.875 136.5 0.001 0.039 1.027 0.0 -0.061 0.0 32.91 2.35 6.43 164.29
2021-10-14 02:57:53.836 11.5 30.375 133.25 0.002 0.04 1.027 0.061 -0.03 0.061 32.93 2.26 6.33 164.13
2021-10-14 02:57:54.810 8199.75 33.375 134.0 0.002 0.04 1.028 0.03 0.03 0.03 32.94 1.81 5.5 167.5
2021-10-14 02:57:55.764 12.875 32.125 132.5 0.002 0.039 1.027 0.0 0.0 0.03 32.97 2.11 6.0 167.26
2021-10-14 02:57:56.721 11.875 31.125 134.625 0.002 0.039 1.026 0.0 -0.061 0.0 32.97 2.2 6.2 167.07
2021-10-14 02:57:57.680 13.875 33.25 136.0 0.002 0.039 1.027 0.061 0.061 0.03 32.98 2.28 6.41 166.85
2021-10-14 02:57:58.639 15.0 34.75 134.875 0.002 0.039 1.028 0.03 0.03 0.0 32.96 2.38 6.63 166.6
2021-10-14 02:57:59.592 10.25 31.75 135.0 0.002 0.039 1.027 0.0 -0.03 0.03 32.97 2.37 6.6 166.43
2021-10-14 02:58:00.535 13.0 27.75 136.25 0.002 0.039 1.027 0.0 0.0 0.0 32.99 2.09 6.23 166.32
2021-10-14 02:58:01.491 12.875 31.375 135.25 0.001 0.039 1.026 0.03 0.03 0.061 32.98 2.13 6.3 166.14
2021-10-14 02:58:02.457 10.75 33.0 135.375 0.001 0.039 1.027 0.03 0.03 0.03 33.01 2.3 6.47 165.94
2021-10-14 02:58:03.410 8201.375 30.75 132.5 0.001 0.038 1.026 0.03 -0.03 0.061 32.99 1.85 5.59 168.92
2021-10-14 02:58:04.371 8201.125 31.0 133.875 0.001 0.039 1.026 0.03 -0.03 0.03 33.0 1.47 4.87 171.27
2021-10-14 02:58:05.331 11.625 30.375 129.125 0.002 0.039 1.024 0.03 0.0 0.061 32.98 1.97 5.72 171.02
2021-10-14 02:58:06.283 9.875 32.5 129.625 0.002 0.04 1.027 0.061 0.0 -0.03 33.02 2.39 6.4 170.76
2021-10-14 02:58:07.238 12.5 31.25 132.875 0.003 0.038 1.028 -0.03 -0.03 0.061 33.0 2.36 6.57 170.55
2021-10-14 02:58:08.199 9.25 31.125 133.5 0.0 0.039 1.026 0.0 0.0 0.061 33.02 2.42 6.7 170.38
2021-10-14 02:58:09.164 13.75 32.375 134.25 0.001 0.038 1.026 0.03 0.03 0.061 33.02 2.38 6.78 170.17
2021-10-14 02:58:10.115 12.75 29.0 134.25 0.002 0.039 1.026 0.03 -0.03 0.061 32.98 2.18 6.59 170.02
2021-10-14 02:58:11.058 16.75 31.5 132.5 0.001 0.037 1.024 0.061 -0.061 0.03 33.0 2.13 6.63 169.81
2021-10-14 02:58:12.024 15.25 31.75 134.875 0.001 0.039 1.025 0.03 0.0 0.0 32.96 2.11 6.66 169.61
2021-10-14 02:58:12.984 12.75 30.25 134.75 0.001 0.039 1.026 0.061 0.03 0.0 32.96 2.05 6.6 169.45
2021-10-14 02:58:13.935 10.5 33.75 130.125 0.002 0.039 1.027 0.061 0.0 0.03 32.95 2.34 6.93 169.21
2021-10-14 02:58:14.881 12.375 32.625 132.375 0.001 0.039 1.025 0.03 0.0 0.03 32.94 2.35 6.96 169.0
2021-10-14 02:58:15.832 11.0 30.75 135.75 0.001 0.039 1.025 0.0 0.0 0.03 32.96 2.25 6.8 168.85
2021-10-14 02:58:16.794 13.25 30.625 134.75 0.001 0.039 1.025 0.03 0.0 0.03 32.93 2.14 6.67 168.69
2021-10-14 02:58:17.723 10.0 34.375 128.625 0.002 0.039 1.026 0.061 -0.03 0.061 32.92 2.47 7.02 168.43
2021-10-14 02:58:18.670 13.75 30.125 134.5 0.002 0.037 1.026 0.0 0.03 0.0 32.94 2.24 6.72 168.28
2021-10-14 02:58:19.647 10.5 30.375 134.375 0.002 0.038 1.025 0.0 -0.061 0.061 32.95 2.19 6.62 168.12
2021-10-14 02:58:20.609 8199.5 30.75 135.25 0.001 0.039 1.027 0.061 0.03 0.091 32.96 1.75 5.7 170.64
2021-10-14 02:58:21.559 12.125 33.125 136.375 0.001 0.039 1.026 0.061 0.03 0.091 32.96 2.12 6.27 170.41
2021-10-14 02:58:22.504 11.625 32.625 134.875 0.001 0.039 1.027 0.0 0.0 0.0 32.95 2.29 6.58 170.19
2021-10-14 02:58:23.456 11.875 32.625 133.875 0.002 0.039 1.026 0.0 -0.03 0.03 32.95 2.36 6.77 169.98
2021-10-14 02:58:24.408 16.25 32.75 136.375 0.0 0.04 1.026 0.03 0.0 0.03 32.98 2.28 6.8 169.77
2021-10-14 02:58:25.366 14.75 31.875 135.0 0.001 0.038 1.028 0.0 0.0 0.091 32.98 2.21 6.76 169.58
2021-10-14 02:58:26.308 8.0 32.25 129.625 0.001 0.039 1.027 0.0 0.0 0.091 32.98 2.44 6.96 169.38
2021-10-14 02:58:27.263 8200.0 32.0 133.75 0.002 0.039 1.026 0.03 0.0 0.0 33.0 1.93 5.97 171.62
2021-10-14 02:58:28.224 12.75 33.875 131.875 0.001 0.039 1.026 0.061 0.0 0.03 32.98 2.29 6.58 171.34
2021-10-14 02:58:29.182 11.25 30.875 135.125 0.002 0.039 1.027 0.03 -0.03 0.0 33.04 2.26 6.67 171.16
2021-10-14 02:58:30.134 16.5 32.25 129.25 0.003 0.041 1.027 0.03 -0.03 0.061 33.05 2.24 6.87 170.92
2021-10-14 02:58:31.080 13.5 31.75 131.625 0.001 0.04 1.027 0.03 0.0 0.061 33.06 2.24 6.94 170.72
2021-10-14 02:58:32.026 10.375 31.75 131.125 0.002 0.04 1.027 0.03 0.0 0.091 33.07 2.3 7.01 170.53
2021-10-14 02:58:32.976 12.5 31.25 132.25 0.001 0.039 1.027 0.03 -0.03 0.0 33.07 2.24 6.95 170.34
2021-10-14 02:58:33.916 10.375 30.375 135.25 0.002 0.039 1.028 0.03 0.0 0.061 33.06 2.17 6.82 170.19
2021-10-14 02:58:34.880 10.25 31.0 134.375 0.003 0.04 1.026 0.0 -0.03 0.091 33.06 2.17 6.82 170.03
2021-10-14 02:58:35.850 13.875 32.125 133.625 0.001 0.04 1.026 0.061 0.0 0.061 33.02 2.16 6.86 169.83
2021-10-14 02:58:36.807 13.625 32.375 130.625 0.001 0.04 1.027 0.0 -0.03 0.03 33.06 2.21 6.95 169.62
2021-10-14 02:58:37.744 12.625 35.625 133.625 0.002 0.04 1.026 0.0 -0.03 0.03 33.06 2.41 7.2 169.36
2021-10-14 02:58:38.689 12.5 30.5 132.25 0.002 0.04 1.026 0.03 -0.03 0.03 33.04 2.24 6.97 169.2
2021-10-14 02:58:39.642 15.5 33.125 139.5 0.003 0.04 1.026 0.03 0.0 0.03 33.02 2.13 6.88 169.02
2021-10-14 02:58:40.611 15.5 30.125 136.375 0.002 0.039 1.024 0.03 -0.03 0.061 33.04 1.96 6.63 168.86
2021-10-14 02:58:41.543 10.875 32.875 128.625 0.002 0.039 1.026 0.03 0.0 0.03 33.03 2.22 6.88 168.63
2021-10-14 02:58:42.500 12.25 34.625 133.0 0.002 0.039 1.026 0.03 -0.03 0.03 33.04 2.37 7.05 168.4
2021-10-14 02:58:43.451 11.75 30.375 135.0 0.002 0.04 1.026 0.03 0.0 -0.03 33.08 2.21 6.81 168.25
2021-10-14 02:58:44.408 9.125 31.75 134.625 0.001 0.039 1.026 0.03 -0.03 0.061 33.05 2.29 6.8 168.08
2021-10-14 02:58:45.355 11.5 30.875 133.375 0.002 0.039 1.027 0.091 -0.03 0.03 33.09 2.22 6.71 167.92
2021-10-14 02:58:46.303 11.5 31.875 135.75 0.002 0.039 1.027 0.0 -0.061 0.03 33.06 2.22 6.69 167.74
2021-10-14 02:58:47.270 11.125 30.5 132.125 0.003 0.04 1.028 0.03 0.0 0.03 33.12 2.18 6.64 167.58
2021-10-14 02:58:48.227 12.875 29.5 134.375 0.002 0.039 1.027 0.03 0.0 0.03 33.09 2.05 6.47 167.43
2021-10-14 02:58:49.188 11.25 29.375 131.625 0.002 0.039 1.026 0.0 -0.03 0.03 33.12 2.03 6.42 167.28
2021-10-14 02:58:50.144 11.75 31.0 129.875 0.001 0.038 1.024 0.03 0.0 0.0 33.09 2.14 6.51 167.08
2021-10-14 02:58:51.106 13.375 30.0 135.375 0.001 0.038 1.025 0.061 0.03 0.03 33.09 2.05 6.37 166.93
2021-10-14 02:58:52.062 11.5 32.625 137.375 0.002 0.039 1.025 0.03 0.03 0.091 33.11 2.16 6.49 166.75
2021-10-14 02:58:53.014 11.0 29.75 133.75 0.001 0.039 1.025 0.0 0.03 0.03 33.05 2.12 6.4 166.6
2021-10-14 02:58:53.968 12.125 31.625 133.0 0.001 0.038 1.026 0.061 -0.03 0.0 33.12 2.19 6.46 166.41
2021-10-14 02:58:54.918 13.625 28.0 135.875 0.002 0.039 1.026 0.03 -0.03 0.0 33.07 1.97 6.17 166.28
2021-10-14 02:58:55.880 13.0 32.0 136.0 0.001 0.04 1.025 0.03 -0.061 0.03 33.01 2.07 6.3 166.1
2021-10-14 02:58:56.844 10.625 30.125 133.0 0.002 0.04 1.024 -0.03 0.03 0.061 32.98 2.11 6.32 165.94
2021-10-14 02:58:57.787 16.125 35.5 133.125 0.002 0.039 1.025 0.03 0.0 0.03 32.98 2.29 6.6 165.67
2021-10-14 02:58:58.733 12.5 30.625 135.25 0.003 0.039 1.025 -0.03 0.03 0.03 32.97 2.17 6.44 165.51
2021-10-14 02:58:59.691 12.0 31.125 132.625 0.002 0.039 1.024 0.03 -0.03 0.091 32.95 2.18 6.43 165.34
2021-10-14 02:59:00.637 13.0 30.5 135.125 0.003 0.039 1.024 0.0 -0.03 0.091 32.93 2.09 6.32 165.19
2021-10-14 02:59:01.609 10.5 31.25 133.125 0.002 0.04 1.025 0.03 0.0 0.03 32.93 2.17 6.39 165.01
2021-10-14 02:59:02.553 9.75 34.25 133.125 0.002 0.04 1.025 0.061 -0.03 0.091 32.94 2.44 6.63 164.79
2021-10-14 02:59:03.500 13.875 32.0 133.125 0.002 0.039 1.024 -0.03 0.0 0.03 32.93 2.34 6.52 164.61
2021-10-14 02:59:04.452 11.625 30.875 134.5 0.002 0.039 1.024 0.03 0.0 0.0 32.9 2.26 6.4 164.45
2021-10-14 02:59:05.413 12.25 31.625 131.0 0.002 0.041 1.026 0.091 -0.061 0.061 32.93 2.27 6.45 164.27
2021-10-14 02:59:06.352 14.5 32.5 134.125 0.003 0.04 1.026 -0.03 0.03 0.061 32.93 2.22 6.41 164.08
2021-10-14 02:59:07.298 8.25 30.625 131.375 0.002 0.04 1.026 0.03 -0.061 0.03 32.91 2.3 6.42 163.92
2021-10-14 02:59:08.248 10.75 32.875 131.75 0.002 0.039 1.026 0.0 0.0 0.03 32.89 2.41 6.52 163.72
2021-10-14 02:59:09.199 11.75 31.875 132.625 0.004 0.04 1.026 0.03 -0.061 0.0 32.88 2.35 6.47 163.54
2021-10-14 02:59:10.129 12.5 32.75 132.5 0.003 0.039 1.025 -0.03 0.0 0.03 32.85 2.36 6.48 163.34
2021-10-14 02:59:11.078 16.0 34.25 135.625 0.004 0.041 1.027 0.03 0.0 0.091 32.88 2.3 6.48 163.14
2021-10-14 02:59:12.023 12.25 30.375 138.0 0.003 0.04 1.027 0.03 0.0 0.03 32.85 2.13 6.24 163.0
2021-10-14 02:59:12.978 13.125 33.25 133.875 0.002 0.039 1.026 0.0 -0.061 0.03 32.83 2.23 6.33 162.8
2021-10-14 02:59:13.922 12.0 31.0 133.5 0.003 0.04 1.027 0.061 0.03 0.091 32.84 2.18 6.25 162.64
2021-10-14 02:59:14.872 13.25 29.5 133.125 0.002 0.04 1.026 0.061 -0.03 0.03 32.85 2.06 6.08 162.5
2021-10-14 02:59:15.827 14.0 32.375 133.125 0.003 0.04 1.025 0.061 -0.061 0.061 32.84 2.11 6.16 162.31
2021-10-14 02:59:16.788 11.0 32.375 133.25 0.002 0.041 1.027 0.03 0.0 0.061 32.86 2.24 6.27 162.12
2021-10-14 02:59:17.728 12.875 32.75 133.125 0.003 0.04 1.026 0.03 0.0 0.061 32.86 2.27 6.3 161.93
2021-10-14 02:59:18.673 11.125 32.0 133.625 0.003 0.04 1.027 0.03 0.03 0.0 32.88 2.28 6.28 161.76
2021-10-14 02:59:19.619 14.125 30.25 134.0 0.002 0.039 1.027 0.0 -0.03 0.03 32.87 2.13 6.07 161.61
2021-10-14 02:59:20.576 13.25 30.125 128.375 0.002 0.04 1.026 0.0 -0.03 0.061 32.9 2.1 6.03 161.44
2021-10-14 02:59:21.512 11.5 35.25 130.625 0.002 0.041 1.028 0.03 0.03 0.0 32.9 2.44 6.37 161.19
2021-10-14 02:59:22.460 12.125 35.625 132.625 0.003 0.041 1.026 0.03 -0.061 0.091 32.89 2.58 6.53 160.95
2021-10-14 02:59:23.411 11.625 32.5 133.125 0.003 0.039 1.027 0.0 -0.03 0.0 32.92 2.48 6.4 160.77
2021-10-14 02:59:24.378 9.75 32.875 132.625 0.003 0.041 1.026 0.0 0.0 0.061 32.9 2.52 6.41 160.59
2021-10-14 02:59:25.322 17.75 35.75 134.125 0.003 0.04 1.026 0.0 -0.03 0.0 32.9 2.45 6.38 160.36
2021-10-14 02:59:26.268 14.25 32.75 134.25 0.003 0.04 1.026 0.061 0.03 0.091 32.91 2.33 6.24 160.19
2021-10-14 02:59:27.214 13.25 30.0 137.0 0.002 0.041 1.025 0.0 0.03 0.091 32.92 2.13 5.97 160.07
2021-10-14 02:59:28.187 14.625 32.875 134.125 0.003 0.04 1.026 0.03 -0.061 0.061 32.9 2.15 5.99 159.88
2021-10-14 02:59:29.121 13.875 32.875 129.75 0.003 0.04 1.024 0.061 -0.03 0.061 32.88 2.22 6.08 159.67
2021-10-14 02:59:30.074 10.125 30.5 134.25 0.003 0.04 1.025 0.03 0.0 0.061 32.9 2.19 5.99 159.53
2021-10-14 02:59:31.040 8.875 31.0 135.125 0.003 0.041 1.026 0.0 -0.03 0.061 32.88 2.24 5.98 159.38
2021-10-14 02:59:31.997 13.5 29.75 130.125 0.004 0.041 1.025 0.0 0.0 0.03 32.85 2.1 5.85 159.24
2021-10-14 02:59:32.957 12.75 29.0 131.75 0.004 0.041 1.026 -0.03 0.0 0.061 32.88 1.98 5.71 159.11
2021-10-14 02:59:33.906 13.5 31.625 134.625 0.004 0.041 1.026 0.03 0.0 0.03 32.9 2.02 5.76 158.94
2021-10-14 02:59:34.860 13.375 36.25 133.625 0.003 0.041 1.027 0.03 -0.03 0.0 32.9 2.33 6.08 158.68
2021-10-14 02:59:35.819 13.0 30.375 131.125 0.004 0.041 1.026 0.091 -0.03 0.03 32.93 2.19 5.93 158.53
2021-10-14 02:59:36.770 12.375 34.5 132.125 0.003 0.042 1.027 0.0 -0.03 0.091 32.88 2.36 6.11 158.31
2021-10-14 02:59:37.720 14.5 30.625 132.375 0.004 0.041 1.027 0.061 0.0 0.061 32.9 2.15 5.89 158.17
2021-10-14 02:59:38.681 13.75 35.875 134.125 0.003 0.04 1.026 0.03 -0.061 0.03 32.91 2.34 6.07 157.93
2021-10-14 02:59:39.631 14.0 29.375 135.25 0.003 0.041 1.025 -0.03 0.061 0.061 32.93 2.08 5.75 157.82
2021-10-14 02:59:40.579 8207.0 31.25 133.875 0.005 0.042 1.026 0.03 -0.03 0.091 32.88 1.64 5.08 162.51
2021-10-14 02:59:41.528 11.375 29.5 134.5 0.003 0.04 1.027 0.03 -0.091 0.03 32.95 1.86 5.4 162.34
2021-10-14 02:59:42.481 12.125 30.75 128.625 0.004 0.04 1.028 0.061 0.0 0.0 32.92 2.08 5.72 162.13
2021-10-14 02:59:43.426 16.0 25.5 131.0 0.003 0.041 1.027 0.061 -0.03 0.03 32.95 1.79 5.43 162.04
2021-10-14 02:59:44.379 13.375 31.75 135.125 0.004 0.041 1.026 0.03 -0.061 0.061 32.95 1.96 5.7 161.84
2021-10-14 02:59:45.333 12.25 31.125 137.0 0.004 0.042 1.027 0.0 0.0 0.03 32.97 2.02 5.82 161.68
2021-10-14 02:59:46.277 10.25 37.5 136.125 0.004 0.042 1.026 0.03 0.0 0.091 32.95 2.52 6.33 161.4
2021-10-14 02:59:47.233 12.25 31.0 134.875 0.003 0.042 1.028 0.0 0.03 0.03 32.96 2.35 6.19 161.25
2021-10-14 02:59:48.184 14.0 32.125 131.875 0.004 0.041 1.028 0.061 0.03 0.03 32.97 2.28 6.17 161.06
2021-10-14 02:59:49.135 15.0 31.25 133.625 0.003 0.041 1.027 0.0 -0.061 0.091 32.96 2.15 6.04 160.9
2021-10-14 02:59:50.081 11.125 29.875 130.5 0.003 0.041 1.027 0.03 -0.03 0.061 32.97 2.13 6.01 160.75
2021-10-14 02:59:51.043 13.125 35.5 135.5 0.005 0.043 1.028 0.061 -0.061 0.061 32.97 2.31 6.25 160.52
2021-10-14 02:59:51.997 13.25 32.0 136.25 0.004 0.042 1.028 -0.061 -0.03 -0.061 32.99 2.2 6.15 160.36
2021-10-14 02:59:52.946 11.75 32.5 132.75 0.003 0.041 1.027 0.0 -0.03 0.03 32.98 2.26 6.18 160.17
2021-10-14 02:59:53.890 10.625 32.375 135.125 0.003 0.043 1.027 0.0 0.03 0.061 32.98 2.29 6.2 160.01
2021-10-14 02:59:54.861 14.625 32.0 133.75 0.004 0.041 1.026 0.0 -0.03 0.061 33.01 2.17 6.09 159.84
2021-10-14 02:59:55.798 10.0 31.875 128.375 0.003 0.041 1.026 0.0 0.0 0.0 33.01 2.31 6.18 159.65
2021-10-14 02:59:56.764 11.125 31.625 128.125 0.004 0.042 1.027 0.0 0.0 0.03 33.0 2.33 6.2 159.47
2021-10-14 02:59:57.713 12.125 34.625 134.875 0.003 0.041 1.026 0.0 -0.03 0.061 32.98 2.41 6.28 159.27
2021-10-14 02:59:58.692 12.25 30.25 128.5 0.004 0.042 1.026 -0.03 -0.061 0.0 32.98 2.27 6.12 159.11
2021-10-14 02:59:59.625 15.375 33.125 130.25 0.003 0.041 1.026 0.061 -0.061 0.091 32.94 2.24 6.11 158.92
2021-10-14 03:00:00.582 15.5 34.375 135.0 0.005 0.042 1.026 0.03 -0.03 0.061 32.96 2.22 6.11 158.72
2021-10-14 03:00:01.535 17.0 32.0 133.375 0.004 0.042 1.027 0.0 0.03 0.0 32.95 2.06 5.93 158.56
2021-10-14 03:00:02.495 15.625 34.25 134.125 0.004 0.043 1.025 0.061 -0.03 0.0 32.95 2.12 6.01 158.35
2021-10-14 03:00:03.437 12.25 32.875 129.5 0.003 0.041 1.026 0.03 -0.03 0.091 32.93 2.23 6.08 158.16
2021-10-14 03:00:04.390 11.0 32.125 136.375 0.003 0.041 1.025 -0.061 0.0 0.091 32.91 2.22 6.01 158.0
2021-10-14 03:00:05.341 10.625 29.375 133.25 0.003 0.042 1.025 0.0 -0.061 0.061 32.92 2.1 5.84 157.88
2021-10-14 03:00:06.313 15.375 31.5 133.75 0.003 0.041 1.025 0.0 0.0 0.0 32.89 2.02 5.74 157.72
2021-10-14 03:00:07.251 9.875 34.625 131.875 0.003 0.041 1.026 0.03 0.03 0.061 32.94 2.37 6.02 157.49
2021-10-14 03:00:08.201 13.625 33.75 134.625 0.003 0.042 1.026 0.061 0.0 0.03 32.93 2.34 6.0 157.31
2021-10-14 03:00:09.148 15.375 33.0 133.25 0.003 0.042 1.027 0.03 -0.03 0.03 32.94 2.24 5.92 157.14
2021-10-14 03:00:10.113 14.875 27.5 132.75 0.003 0.041 1.028 0.061 -0.03 0.03 32.94 1.92 5.51 157.04
2021-10-14 03:00:11.042 11.125 31.5 126.75 0.003 0.041 1.026 0.061 -0.061 0.03 32.95 2.14 5.71 156.85
2021-10-14 03:00:11.990 11.375 32.125 134.25 0.003 0.041 1.024 -0.03 -0.03 0.03 32.93 2.2 5.74 156.68
2021-10-14 03:00:12.946 11.375 32.75 136.125 0.004 0.039 1.025 0.0 -0.03 0.061 32.95 2.24 5.76 156.51
2021-10-14 03:00:13.907 13.125 33.75 136.375 0.005 0.041 1.026 0.0 -0.03 0.03 32.95 2.25 5.79 156.33
2021-10-14 03:00:14.862 12.625 28.75 135.75 0.003 0.043 1.025 0.061 -0.03 0.03 32.95 2.02 5.54 156.22
2021-10-14 03:00:15.807 10.0 30.0 131.625 0.003 0.041 1.026 0.03 -0.03 0.061 32.95 2.09 5.57 156.08
2021-10-14 03:00:16.755 13.5 29.25 135.375 0.003 0.042 1.024 0.03 0.0 0.03 32.94 1.93 5.4 155.96
2021-10-14 03:00:17.721 13.0 31.5 135.0 0.004 0.041 1.026 0.0 -0.03 0.091 32.94 1.98 5.44 155.8
2021-10-14 03:00:18.688 11.5 31.375 132.5 0.004 0.042 1.026 0.091 0.0 0.03 32.95 2.07 5.53 155.64
2021-10-14 03:00:19.618 11.875 31.625 126.25 0.003 0.041 1.026 -0.03 -0.03 0.03 32.96 2.21 5.65 155.44
2021-10-14 03:00:20.563 9.25 32.125 132.125 0.005 0.042 1.027 0.03 0.0 0.061 32.96 2.32 5.74 155.27
2021-10-14 03:00:21.524 14.375 29.875 135.0 0.004 0.041 1.024 0.03 -0.03 0.0 32.93 2.07 5.48 155.15
2021-10-14 03:00:22.470 13.375 27.875 133.375 0.004 0.042 1.026 -0.03 0.03 0.0 32.95 1.86 5.26 155.05
2021-10-14 03:00:23.416 15.125 33.5 137.375 0.003 0.042 1.026 0.03 -0.061 0.061 32.95 1.95 5.37 154.87
2021-10-14 03:00:24.361 13.125 31.875 137.0 0.004 0.043 1.025 -0.03 0.0 -0.03 32.93 1.97 5.4 154.72
2021-10-14 03:00:25.318 14.0 29.5 134.5 0.004 0.042 1.026 0.03 -0.061 0.0 32.91 1.85 5.26 154.6
2021-10-14 03:00:26.288 12.875 28.5 135.25 0.004 0.042 1.026 0.061 0.0 0.03 32.92 1.75 5.15 154.49
2021-10-14 03:00:27.249 12.25 33.25 133.125 0.003 0.042 1.027 0.03 -0.03 0.03 32.95 2.02 5.39 154.29
2021-10-14 03:00:28.207 12.875 30.625 134.125 0.004 0.042 1.026 0.0 0.061 0.03 32.93 1.97 5.34 154.15
2021-10-14 03:00:29.156 13.375 31.375 136.875 0.005 0.043 1.027 0.0 0.0 0.03 32.91 1.93 5.32 154.01
2021-10-14 03:00:30.138 13.75 28.5 131.625 0.004 0.042 1.026 0.061 -0.03 0.061 32.95 1.79 5.18 153.9
2021-10-14 03:00:31.071 12.125 31.375 133.125 0.005 0.043 1.027 0.03 0.03 0.091 32.93 1.91 5.3 153.74
2021-10-14 03:00:32.020 13.375 30.5 132.25 0.004 0.043 1.027 0.091 0.0 0.03 32.93 1.89 5.29 153.6
2021-10-14 03:00:32.972 10.75 31.625 134.625 0.004 0.042 1.027 0.061 0.0 0.091 32.95 2.02 5.38 153.44
2021-10-14 03:00:33.919 14.25 29.625 133.375 0.004 0.043 1.027 -0.03 0.03 0.03 32.93 1.88 5.22 153.33
2021-10-14 03:00:34.881 13.75 33.875 136.875 0.005 0.043 1.026 0.03 -0.061 0.091 32.93 2.0 5.36 153.15
2021-10-14 03:00:35.836 12.5 30.25 136.25 0.004 0.043 1.025 0.03 -0.03 0.061 32.93 1.91 5.27 153.03
2021-10-14 03:00:36.799 13.375 33.25 136.0 0.004 0.041 1.025 0.03 -0.061 0.0 32.94 2.01 5.34 152.85
2021-10-14 03:00:37.756 14.75 30.0 136.0 0.003 0.042 1.025 0.03 0.0 0.0 32.91 1.85 5.16 152.74
2021-10-14 03:00:38.710 11.0 28.25 130.75 0.004 0.041 1.026 0.0 -0.061 0.03 32.92 1.82 5.1 152.63
2021-10-14 03:00:39.667 12.0 31.75 136.5 0.004 0.042 1.028 0.061 0.0 0.122 32.91 1.92 5.18 152.48
2021-10-14 03:00:40.630 11.0 36.0 136.0 0.004 0.043 1.026 0.0 -0.03 0.03 32.93 2.27 5.48 152.25
2021-10-14 03:00:41.606 11.375 31.375 132.5 0.003 0.042 1.026 0.061 0.03 0.03 32.92 2.22 5.42 152.1
2021-10-14 03:00:42.544 11.375 32.25 135.25 0.004 0.043 1.025 -0.061 -0.03 0.0 32.92 2.2 5.41 151.95
2021-10-14 03:00:43.496 11.625 27.5 133.125 0.005 0.042 1.026 0.0 0.0 0.03 32.9 1.93 5.13 151.87
2021-10-14 03:00:44.443 12.875 33.75 136.125 0.004 0.042 1.025 0.0 0.03 0.061 32.91 2.07 5.25 151.69
2021-10-14 03:00:45.403 13.5 33.125 132.75 0.005 0.042 1.027 0.03 -0.03 0.03 32.91 2.1 5.3 151.52
2021-10-14 03:00:46.347 12.375 33.625 133.75 0.004 0.042 1.028 0.0 0.0 0.061 32.91 2.18 5.37 151.34
2021-10-14 03:00:47.303 12.5 32.125 136.0 0.005 0.042 1.027 -0.03 0.0 0.0 32.93 2.1 5.3 151.2
2021-10-14 03:00:48.252 16.0 32.125 133.375 0.004 0.042 1.027 0.0 -0.03 0.03 32.92 1.97 5.17 151.06
2021-10-14 03:00:49.193 10.25 36.125 134.625 0.004 0.042 1.026 0.03 0.0 0.0 32.92 2.34 5.45 150.83
2021-10-14 03:00:50.160 10.75 32.25 133.75 0.004 0.042 1.026 0.03 -0.03 0.061 32.91 2.3 5.41 150.68
2021-10-14 03:00:51.108 11.75 31.125 131.75 0.004 0.042 1.026 0.0 -0.03 0.03 32.95 2.19 5.3 150.54
2021-10-14 03:00:52.072 12.125 30.375 133.75 0.005 0.042 1.026 0.0 -0.03 0.0 32.94 2.04 5.16 150.42
2021-10-14 03:00:53.013 13.5 34.25 131.875 0.004 0.042 1.027 0.03 0.0 0.0 32.95 2.15 5.26 150.23
2021-10-14 03:00:53.958 12.0 29.625 132.625 0.004 0.042 1.026 0.0 -0.03 0.0 32.96 2.01 5.09 150.12
2021-10-14 03:00:54.908 14.375 30.0 133.875 0.003 0.041 1.026 0.0 0.03 -0.03 32.96 1.85 4.92 150.01
2021-10-14 03:00:55.854 9.5 35.375 129.75 0.005 0.042 1.027 -0.061 -0.061 0.03 32.95 2.32 5.29 149.76
2021-10-14 03:00:56.814 13.25 31.375 136.0 -0.0 0.042 1.024 -0.305 0.213 0.03 32.93 2.19 5.1 149.64
2021-10-14 03:00:57.782 11.125 33.75 135.875 0.016 0.042 1.024 -0.091 0.061 0.03 32.92 2.13 5.18 149.47
2021-10-14 03:00:58.724 11.875 29.75 133.625 -0.002 0.04 1.023 -0.061 -0.152 0.0 32.91 2.04 5.0 149.36
2021-10-14 03:00:59.672 13.625 37.0 132.5 0.006 0.041 1.025 0.061 0.03 -0.03 32.92 2.28 5.23 149.11
2021-10-14 03:01:00.632 13.5 32.0 134.5 0.007 0.041 1.026 0.061 -0.091 0.061 32.94 2.09 5.09 148.98
2021-10-14 03:01:01.581 11.75 33.0 136.625 0.005 0.042 1.026 0.091 0.0 0.061 32.92 2.09 5.11 148.83
2021-10-14 03:01:02.541 15.625 32.125 135.25 0.006 0.042 1.026 0.03 0.03 0.03 32.93 1.91 4.95 148.71
2021-10-14 03:01:03.495 12.625 32.375 133.0 0.005 0.041 1.025 0.0 -0.091 0.061 32.91 1.96 4.98 148.56
2021-10-14 03:01:04.456 14.0 30.625 136.875 0.004 0.041 1.026 0.03 -0.03 0.03 32.92 1.81 4.81 148.46
2021-10-14 03:01:05.413 10.875 31.25 133.0 0.006 0.042 1.026 0.0 -0.03 0.0 32.88 1.9 4.9 148.31
2021-10-14 03:01:06.343 13.375 32.875 129.0 0.007 0.041 1.026 0.0 -0.061 0.091 32.9 1.96 4.97 148.13
2021-10-14 03:01:07.295 10.25 26.375 132.875 0.006 0.042 1.025 0.0 -0.03 0.0 32.9 1.73 4.73 148.06
2021-10-14 03:01:08.248 12.625 32.0 135.375 0.006 0.042 1.026 0.061 0.0 0.061 32.89 1.79 4.79 147.92
2021-10-14 03:01:09.215 14.5 27.375 136.0 0.006 0.042 1.024 0.0 -0.061 0.0 32.84 1.52 4.51 147.85
2021-10-14 03:01:10.147 13.25 33.25 133.0 0.006 0.043 1.025 -0.03 0.0 0.03 32.82 1.74 4.72 147.67
2021-10-14 03:01:11.100 16.0 35.125 132.75 0.005 0.042 1.024 -0.03 0.0 -0.03 32.81 1.87 4.84 147.48
2021-10-14 03:01:12.046 13.625 31.75 133.5 0.005 0.043 1.025 0.0 0.0 0.0 32.76 1.84 4.81 147.35
2021-10-14 03:01:13.018 11.875 31.5 134.0 0.008 0.043 1.023 0.0 0.0 0.061 32.74 1.84 4.84 147.21
2021-10-14 03:01:13.967 14.125 31.0 132.125 0.004 0.042 1.024 0.03 -0.03 0.03 32.71 1.76 4.76 147.09
2021-10-14 03:01:14.921 18.0 30.875 137.75 0.005 0.042 1.026 0.0 -0.03 0.03 32.67 1.53 4.51 147.01
2021-10-14 03:01:15.870 15.75 24.0 135.375 0.006 0.042 1.027 0.03 -0.03 0.03 32.65 1.15 4.09 146.99
2021-10-14 03:01:16.827 11.0 35.625 133.0 0.006 0.042 1.026 0.0 0.0 0.03 32.68 1.79 4.59 146.73
2021-10-14 03:01:17.767 12.875 25.5 130.0 0.009 0.043 1.025 -0.061 0.03 0.061 32.66 1.47 4.34 146.68
2021-10-14 03:01:18.735 13.75 32.625 133.25 0.01 0.042 1.027 0.0 -0.03 0.091 32.58 1.6 4.52 146.52
2021-10-14 03:01:19.684 15.125 34.5 136.125 0.006 0.043 1.025 0.0 -0.03 0.0 32.62 1.72 4.65 146.34
2021-10-14 03:01:20.639 13.625 34.125 133.625 0.005 0.042 1.024 0.0 -0.03 0.0 32.58 1.86 4.77 146.17
2021-10-14 03:01:21.576 15.625 28.25 136.25 0.006 0.042 1.026 0.03 0.0 0.061 32.62 1.54 4.44 146.12
2021-10-14 03:01:22.538 11.875 30.625 134.375 0.005 0.042 1.027 0.0 0.061 0.0 32.62 1.64 4.51 145.99
2021-10-14 03:01:23.493 15.5 33.125 134.5 0.006 0.041 1.026 0.03 -0.03 0.061 32.62 1.66 4.54 145.84
2021-10-14 03:01:24.435 14.375 29.25 130.0 0.007 0.043 1.027 0.03 0.0 0.061 32.64 1.53 4.45 145.74
2021-10-14 03:01:25.389 15.75 31.75 134.375 0.005 0.042 1.026 0.183 0.091 0.0 32.62 1.53 4.44 145.62
2021-10-14 03:01:26.345 17.25 32.625 136.625 0.006 0.041 1.027 -0.03 0.0 0.061 32.68 1.48 4.38 145.5
2021-10-14 03:01:27.304 13.75 30.875 137.0 0.005 0.043 1.027 0.03 -0.03 0.03 32.66 1.5 4.4 145.39
2021-10-14 03:01:28.235 13.125 37.0 129.0 0.004 0.042 1.026 0.061 -0.03 0.0 32.6 1.98 4.76 145.13
2021-10-14 03:01:29.185 12.875 32.5 132.25 0.004 0.042 1.027 0.0 0.0 0.061 32.68 1.96 4.73 144.99
2021-10-14 03:01:30.130 11.375 31.75 136.125 0.004 0.042 1.026 0.03 0.03 0.091 32.66 1.94 4.69 144.87
2021-10-14 03:01:31.074 12.875 31.125 136.875 0.004 0.043 1.027 0.091 0.0 0.091 32.65 1.82 4.59 144.77
2021-10-14 03:01:32.033 13.5 31.75 135.375 0.005 0.044 1.027 0.03 0.0 0.03 32.68 1.76 4.56 144.65
2021-10-14 03:01:32.993 13.375 32.25 128.125 0.005 0.043 1.028 0.061 -0.03 0.03 32.69 1.82 4.63 144.5
2021-10-14 03:01:33.934 16.625 34.875 133.75 0.004 0.043 1.027 0.061 -0.03 0.0 32.68 1.81 4.62 144.35
2021-10-14 03:01:34.895 13.125 34.75 133.625 0.005 0.042 1.025 0.03 0.0 0.03 32.71 1.93 4.71 144.18
2021-10-14 03:01:35.859 8.75 33.125 135.5 0.005 0.043 1.027 0.061 0.03 0.061 32.71 2.1 4.81 144.02
2021-10-14 03:01:36.793 10.75 33.0 130.25 0.005 0.043 1.027 0.03 0.0 0.03 32.68 2.14 4.84 143.87
2021-10-14 03:01:37.770 13.625 28.5 135.0 0.005 0.043 1.025 0.03 -0.03 0.03 32.68 1.77 4.5 143.81
2021-10-14 03:01:38.716 15.0 33.75 131.5 0.005 0.044 1.026 -0.03 -0.03 0.061 32.66 1.79 4.54 143.66
2021-10-14 03:01:39.680 14.875 33.5 131.625 0.005 0.043 1.025 0.03 -0.061 0.03 32.68 1.78 4.55 143.52
2021-10-14 03:01:40.626 12.25 30.625 128.125 0.005 0.043 1.026 0.03 0.0 0.061 32.62 1.77 4.53 143.4
2021-10-14 03:01:41.578 12.5 31.875 134.25 0.005 0.043 1.025 -0.03 -0.03 -0.03 32.68 1.76 4.51 143.28
2021-10-14 03:01:42.506 12.0 29.875 129.875 0.005 0.044 1.025 0.061 -0.03 0.03 32.66 1.7 4.47 143.17
2021-10-14 03:01:43.455 15.625 30.5 134.25 0.004 0.042 1.026 0.03 -0.03 0.061 32.68 1.52 4.3 143.09
2021-10-14 03:01:44.420 13.0 32.625 136.125 0.004 0.043 1.026 0.061 -0.061 0.061 32.64 1.62 4.37 142.96
2021-10-14 03:01:45.397 13.125 32.625 133.25 0.004 0.043 1.025 0.03 0.03 0.061 32.67 1.7 4.43 142.82
2021-10-14 03:01:46.331 12.25 30.625 130.75 0.005 0.043 1.026 0.03 -0.03 0.0 32.69 1.69 4.41 142.71
2021-10-14 03:01:47.299 8.5 30.875 134.0 0.004 0.043 1.027 -0.03 0.0 0.03 32.68 1.87 4.5 142.57
2021-10-14 03:01:48.242 12.75 35.25 134.625 0.004 0.043 1.026 0.0 -0.03 0.03 32.67 1.99 4.59 142.4
2021-10-14 03:01:49.196 13.25 31.375 136.375 0.005 0.042 1.027 0.03 -0.03 -0.03 32.7 1.8 4.44 142.31
2021-10-14 03:01:50.164 14.125 34.625 132.875 0.004 0.043 1.026 -0.03 0.0 0.0 32.68 1.86 4.48 142.15
2021-10-14 03:01:51.100 12.25 32.375 132.0 0.004 0.041 1.025 0.0 -0.061 0.091 32.67 1.86 4.46 142.03
2021-10-14 03:01:52.046 11.125 32.5 137.875 0.005 0.043 1.027 -0.03 0.0 0.061 32.65 1.86 4.47 141.91
2021-10-14 03:01:52.993 12.125 32.875 136.125 0.005 0.043 1.026 0.0 0.0 0.0 32.67 1.85 4.46 141.78
2021-10-14 03:01:53.957 14.125 36.625 135.25 0.004 0.044 1.026 -0.03 -0.03 0.0 32.64 1.96 4.55 141.6
2021-10-14 03:01:54.911 14.0 33.625 135.125 0.004 0.042 1.026 -0.061 0.0 0.03 32.6 1.87 4.46 141.49
2021-10-14 03:01:55.859 11.75 34.0 134.0 0.005 0.042 1.026 0.0 -0.03 0.03 32.63 1.94 4.5 141.34
2021-10-14 03:01:56.818 11.25 32.75 137.5 0.004 0.043 1.027 0.03 -0.061 0.03 32.66 1.91 4.48 141.22
2021-10-14 03:01:57.768 9.125 35.375 133.625 0.005 0.043 1.026 0.03 -0.03 -0.03 32.65 2.18 4.65 141.02
2021-10-14 03:01:58.715 11.0 33.5 133.75 0.005 0.042 1.026 0.0 -0.03 0.091 32.64 2.12 4.6 140.89
2021-10-14 03:01:59.672 12.875 32.5 138.75 0.004 0.042 1.026 0.0 -0.03 0.061 32.67 1.92 4.43 140.81
2021-10-14 03:02:00.636 12.5 35.625 135.375 0.005 0.042 1.025 0.0 -0.03 0.061 32.67 2.0 4.49 140.65
2021-10-14 03:02:01.586 15.0 32.75 132.25 0.005 0.044 1.027 0.03 -0.03 0.03 32.67 1.8 4.35 140.55
2021-10-14 03:02:02.535 15.5 30.375 138.375 0.005 0.043 1.026 0.0 0.0 0.03 32.67 1.5 4.09 140.5
2021-10-14 03:02:03.482 10.875 33.625 135.75 0.005 0.042 1.026 0.03 -0.03 0.0 32.7 1.72 4.24 140.34
2021-10-14 03:02:04.458 14.375 34.125 132.25 0.005 0.042 1.028 0.03 0.0 0.03 32.68 1.73 4.25 140.2
2021-10-14 03:02:05.415 11.625 31.875 133.625 0.004 0.043 1.026 0.03 0.03 0.0 32.7 1.74 4.26 140.08
2021-10-14 03:02:06.361 12.5 31.625 133.625 0.006 0.043 1.027 0.03 0.0 0.061 32.65 1.67 4.22 139.98
2021-10-14 03:02:07.303 13.875 31.5 134.0 0.005 0.042 1.025 -0.03 0.0 0.03 32.71 1.57 4.12 139.89
2021-10-14 03:02:08.267 10.875 36.125 137.25 0.006 0.043 1.026 0.061 0.03 0.061 32.68 1.87 4.34 139.7
2021-10-14 03:02:09.224 12.625 31.125 134.625 0.004 0.043 1.025 0.03 -0.061 0.061 32.67 1.71 4.22 139.62
2021-10-14 03:02:10.168 14.125 37.0 132.25 0.004 0.043 1.027 0.03 0.0 0.061 32.68 1.88 4.35 139.43
2021-10-14 03:02:11.125 10.375 33.25 134.125 0.005 0.043 1.026 0.03 0.0 0.03 32.64 1.93 4.38 139.3
2021-10-14 03:02:12.088 11.125 32.375 135.625 0.006 0.042 1.026 0.0 -0.03 0.061 32.64 1.85 4.32 139.19
2021-10-14 03:02:13.046 9.75 32.5 138.0 0.005 0.043 1.026 0.03 0.0 0.061 32.67 1.87 4.33 139.08
2021-10-14 03:02:13.992 14.125 33.375 135.25 0.006 0.043 1.027 0.061 0.03 0.061 32.68 1.72 4.23 138.98
2021-10-14 03:02:14.951 10.25 37.375 132.5 0.006 0.043 1.026 0.03 0.0 0.03 32.66 2.08 4.46 138.76
2021-10-14 03:02:15.896 11.75 36.5 133.875 0.005 0.042 1.026 0.03 -0.061 0.03 32.68 2.13 4.5 138.59
2021-10-14 03:02:16.844 11.375 32.375 134.75 0.004 0.043 1.026 -0.03 -0.03 0.0 32.68 1.96 4.37 138.49
2021-10-14 03:02:17.808 11.625 33.25 129.0 0.005 0.042 1.026 0.0 0.0 0.03 32.7 1.95 4.34 138.36
2021-10-14 03:02:18.756 13.0 30.75 135.375 0.006 0.043 1.026 0.0 0.0 0.0 32.68 1.68 4.13 138.29
2021-10-14 03:02:19.708 8202.75 32.375 135.5 0.004 0.043 1.026 0.03 0.03 -0.03 32.71 1.35 3.82 146.73
2021-10-14 03:02:20.652 11.375 35.875 135.875 0.005 0.042 1.027 -0.03 0.0 0.061 32.76 1.93 4.36 146.47
2021-10-14 03:02:21.591 13.375 29.25 133.5 0.006 0.042 1.027 0.0 0.03 0.0 32.73 1.79 4.34 146.37
2021-10-14 03:02:22.538 13.375 35.875 137.25 0.004 0.042 1.027 0.061 0.0 0.03 32.73 2.04 4.61 146.16
2021-10-14 03:02:23.492 13.375 32.25 134.0 0.006 0.043 1.028 0.03 -0.061 0.0 32.76 1.97 4.64 146.03
2021-10-14 03:02:24.469 12.375 30.375 134.25 0.004 0.043 1.027 -0.03 -0.03 0.061 32.75 1.87 4.59 145.92
2021-10-14 03:02:25.400 10.625 36.0 130.75 0.005 0.044 1.027 -0.03 -0.03 0.0 32.78 2.25 4.92 145.68
2021-10-14 03:02:26.346 12.125 33.25 134.0 0.007 0.043 1.027 -0.03 0.03 0.03 32.77 2.16 4.9 145.54
2021-10-14 03:02:27.298 12.25 33.5 135.75 0.005 0.043 1.025 0.061 -0.03 0.061 32.78 2.11 4.88 145.39
2021-10-14 03:02:28.255 13.125 28.75 132.5 0.005 0.044 1.026 -0.03 -0.03 0.03 32.76 1.82 4.63 145.32
2021-10-14 03:02:29.182 10.625 36.0 129.375 0.004 0.044 1.027 0.0 0.03 0.03 32.76 2.22 4.94 145.08
2021-10-14 03:02:30.129 14.625 31.875 134.0 0.005 0.043 1.026 0.03 -0.03 0.061 32.75 1.97 4.73 144.98
2021-10-14 03:02:31.074 10.5 32.25 133.375 0.005 0.043 1.025 0.03 -0.03 0.061 32.68 2.03 4.78 144.84
2021-10-14 03:02:32.035 11.0 30.125 134.625 0.004 0.042 1.026 0.03 -0.03 0.061 32.72 1.92 4.67 144.74
2021-10-14 03:02:32.973 10.125 32.875 130.375 0.005 0.042 1.025 0.03 0.0 -0.03 32.67 2.08 4.78 144.57
2021-10-14 03:02:33.923 11.5 28.5 135.5 0.004 0.043 1.026 0.03 0.0 0.03 32.75 1.83 4.56 144.49
2021-10-14 03:02:34.870 17.125 35.125 135.125 0.004 0.042 1.026 0.0 -0.03 0.091 32.73 1.8 4.55 144.35
2021-10-14 03:02:35.822 9.25 31.0 136.25 0.004 0.043 1.027 0.0 -0.091 0.0 32.71 1.89 4.6 144.22
2021-10-14 03:02:36.774 12.5 35.625 136.0 0.004 0.042 1.026 0.0 0.0 0.03 32.75 2.05 4.72 144.04
2021-10-14 03:02:37.723 11.875 33.75 137.375 0.004 0.042 1.026 0.03 0.0 0.03 32.72 2.05 4.72 143.9
2021-10-14 03:02:38.670 13.875 30.75 136.25 0.004 0.043 1.026 -0.03 0.0 0.061 32.76 1.82 4.52 143.82
2021-10-14 03:02:39.632 10.625 29.875 132.0 0.005 0.043 1.026 0.03 -0.03 0.03 32.81 1.8 4.5 143.71
2021-10-14 03:02:40.568 7.625 32.125 130.625 0.005 0.042 1.026 -0.03 -0.061 0.03 32.8 2.09 4.68 143.53
2021-10-14 03:02:41.535 8200.375 33.625 135.375 0.003 0.042 1.026 0.0 0.0 -0.03 32.82 1.7 4.27 151.02
2021-10-14 03:02:42.480 10.875 32.625 130.25 0.005 0.043 1.028 0.03 0.0 0.061 32.87 2.09 4.74 150.8
2021-10-14 03:02:43.438 12.875 34.75 135.75 0.005 0.043 1.028 0.0 0.0 0.0 32.87 2.25 5.01 150.6
2021-10-14 03:02:44.397 10.875 33.625 126.25 0.004 0.042 1.028 0.0 -0.091 0.0 32.87 2.46 5.26 150.37
2021-10-14 03:02:45.337 9.875 36.0 135.125 0.005 0.042 1.027 0.0 -0.061 0.03 32.87 2.62 5.45 150.16
2021-10-14 03:02:46.284 13.0 32.625 134.125 0.005 0.043 1.027 0.0 0.0 0.0 32.85 2.41 5.32 150.02
2021-10-14 03:02:47.238 14.125 32.75 133.625 0.005 0.043 1.027 0.03 -0.03 0.0 32.91 2.23 5.22 149.87
2021-10-14 03:02:48.208 12.125 39.125 130.875 0.005 0.043 1.027 0.0 -0.061 0.0 32.9 2.61 5.57 149.58
2021-10-14 03:02:49.144 14.875 33.0 132.75 0.005 0.042 1.027 0.0 0.0 0.03 32.93 2.33 5.34 149.44
2021-10-14 03:02:50.086 11.875 31.125 136.875 0.005 0.042 1.027 0.0 -0.03 0.03 32.94 2.14 5.15 149.33
2021-10-14 03:02:51.040 11.5 37.375 135.125 0.005 0.043 1.024 0.0 -0.03 0.03 32.91 2.42 5.4 149.09
2021-10-14 03:02:52.016 8.625 32.375 132.0 0.004 0.044 1.027 -0.03 -0.03 -0.03 32.94 2.44 5.41 148.93
2021-10-14 03:02:52.954 13.75 32.375 134.75 0.005 0.043 1.025 0.0 0.0 0.061 32.95 2.2 5.22 148.81
2021-10-14 03:02:53.898 12.625 35.75 133.875 0.005 0.042 1.026 -0.061 0.0 0.0 32.95 2.31 5.3 148.61
2021-10-14 03:02:54.859 10.375 34.875 133.25 0.005 0.042 1.027 0.0 -0.03 0.061 32.94 2.41 5.38 148.42
2021-10-14 03:02:55.859 16.25 31.875 129.5 0.005 0.042 1.026 0.091 0.0 0.03 32.95 2.12 5.11 148.31
2021-10-14 03:02:56.794 10.0 32.25 131.125 0.004 0.044 1.027 -0.061 0.0 0.091 32.95 2.21 5.18 148.15
2021-10-14 03:02:57.764 14.25 30.875 132.0 0.005 0.043 1.027 0.03 -0.03 -0.03 32.94 1.98 4.98 148.04
2021-10-14 03:02:58.713 15.75 32.25 131.75 0.006 0.042 1.027 0.03 -0.03 0.0 32.96 1.86 4.89 147.9
2021-10-14 03:02:59.715 12.0 32.75 137.625 0.004 0.042 1.027 0.061 0.0 0.03 32.99 1.93 4.92 147.76
2021-10-14 03:03:00.659 11.5 35.0 130.375 0.005 0.042 1.026 0.03 0.03 0.0 32.96 2.19 5.12 147.54
2021-10-14 03:03:01.618 12.625 32.625 135.875 0.005 0.043 1.026 0.0 0.0 0.03 32.96 2.09 5.04 147.41
2021-10-14 03:03:02.572 8202.625 33.875 136.125 0.005 0.044 1.025 0.03 -0.03 -0.03 32.93 1.66 4.56 154.17
2021-10-14 03:03:03.535 13.875 37.375 136.875 0.004 0.043 1.025 0.0 0.0 0.061 32.91 2.17 5.15 153.88
2021-10-14 03:03:04.479 9.125 34.5 127.75 0.004 0.042 1.026 0.061 0.0 0.03 32.94 2.57 5.56 153.63
2021-10-14 03:03:05.427 13.0 33.75 138.25 0.004 0.043 1.027 -0.03 -0.061 0.091 32.95 2.44 5.53 153.47
2021-10-14 03:03:06.377 11.75 34.375 138.875 0.004 0.043 1.026 0.0 0.0 0.03 32.94 2.44 5.58 153.3
2021-10-14 03:03:07.338 14.125 33.875 136.5 0.004 0.043 1.026 0.03 0.03 0.03 32.95 2.33 5.54 153.13
2021-10-14 03:03:08.287 14.875 34.0 133.0 0.005 0.042 1.025 0.03 -0.03 0.03 32.94 2.27 5.54 152.95
2021-10-14 03:03:09.217 7.875 32.375 132.375 0.005 0.043 1.026 0.03 0.0 0.03 32.95 2.41 5.64 152.78
2021-10-14 03:03:10.164 13.5 32.125 134.875 0.005 0.043 1.026 0.03 0.0 0.0 32.96 2.24 5.51 152.64
2021-10-14 03:03:11.114 12.875 31.25 132.125 0.005 0.043 1.026 0.0 -0.03 0.061 32.95 2.12 5.42 152.5
2021-10-14 03:03:12.063 13.25 28.875 135.125 0.005 0.043 1.026 0.0 -0.03 0.03 32.96 1.88 5.19 152.4
2021-10-14 03:03:13.001 7.75 34.875 130.875 0.005 0.043 1.026 0.0 -0.03 0.0 32.93 2.39 5.56 152.16
2021-10-14 03:03:13.953 8202.0 30.875 133.25 0.004 0.042 1.025 0.03 -0.03 0.03 32.96 1.92 4.97 157.99
2021-10-14 03:03:14.908 11.625 32.375 133.75 0.005 0.043 1.026 0.0 -0.061 -0.03 32.95 2.16 5.37 157.78
2021-10-14 03:03:15.881 10.25 30.25 132.125 0.005 0.043 1.026 0.03 -0.03 0.0 32.95 2.21 5.53 157.62
2021-10-14 03:03:16.811 10.25 37.5 130.5 0.005 0.043 1.026 0.03 -0.03 0.0 32.95 2.71 6.07 157.31
2021-10-14 03:03:17.764 13.125 30.375 135.625 0.004 0.043 1.026 -0.03 0.0 0.03 32.96 2.39 5.81 157.19
2021-10-14 03:03:18.711 11.5 33.875 137.125 0.005 0.042 1.026 0.03 0.0 0.03 32.97 2.41 5.89 157.0
2021-10-14 03:03:19.670 14.75 32.125 136.25 0.005 0.042 1.025 0.061 0.03 0.0 32.96 2.22 5.76 156.85
2021-10-14 03:03:20.606 12.25 31.375 132.25 0.005 0.043 1.025 0.0 -0.061 -0.03 32.95 2.18 5.76 156.69
2021-10-14 03:03:21.556 11.0 33.5 131.625 0.004 0.042 1.026 0.061 0.0 -0.03 32.96 2.33 5.92 156.49
2021-10-14 03:03:22.525 11.5 32.875 135.5 0.005 0.042 1.026 0.03 0.03 0.03 32.96 2.3 5.89 156.32
2021-10-14 03:03:23.476 14.5 30.875 133.625 0.005 0.043 1.026 0.0 0.0 0.061 32.99 2.11 5.7 156.19
2021-10-14 03:03:24.417 13.0 35.125 132.25 0.005 0.042 1.025 0.03 0.0 0.0 32.95 2.29 5.9 155.96
2021-10-14 03:03:25.363 13.25 29.875 136.125 0.005 0.042 1.026 0.061 -0.03 0.0 32.96 2.05 5.64 155.84
2021-10-14 03:03:26.317 11.75 33.375 133.125 0.005 0.043 1.025 -0.03 0.0 0.03 32.96 2.19 5.77 155.65
2021-10-14 03:03:27.272 12.875 32.0 135.375 0.004 0.041 1.026 0.03 -0.03 0.0 32.96 2.13 5.69 155.5
2021-10-14 03:03:28.213 9.375 32.0 135.5 0.005 0.043 1.026 0.0 -0.03 0.0 32.95 2.2 5.74 155.34
2021-10-14 03:03:29.178 14.0 31.875 135.625 0.004 0.042 1.026 -0.03 -0.061 0.0 32.97 2.09 5.62 155.19
2021-10-14 03:03:30.132 16.25 35.75 137.125 0.005 0.042 1.026 0.03 -0.091 -0.03 32.96 2.13 5.7 154.98
2021-10-14 03:03:31.073 13.875 30.375 130.25 0.004 0.043 1.024 0.03 -0.03 0.0 32.95 2.01 5.57 154.84
2021-10-14 03:03:32.027 13.375 32.75 135.875 0.005 0.042 1.025 0.0 -0.03 0.0 32.95 2.02 5.57 154.68
2021-10-14 03:03:32.981 11.25 34.0 136.0 0.004 0.043 1.026 0.03 -0.061 -0.03 32.97 2.19 5.71 154.49
2021-10-14 03:03:33.946 10.875 31.375 134.75 0.005 0.043 1.025 0.03 -0.03 0.03 32.98 2.15 5.65 154.35
2021-10-14 03:03:34.887 12.75 32.75 132.25 0.005 0.043 1.026 0.03 0.0 0.061 32.97 2.16 5.67 154.18
2021-10-14 03:03:35.848 8202.75 30.5 131.625 0.004 0.043 1.025 0.03 0.0 0.0 32.98 1.73 5.04 159.61
2021-10-14 03:03:36.790 11.875 28.875 134.625 0.004 0.043 1.026 0.03 0.0 0.0 32.94 1.83 5.25 159.46
2021-10-14 03:03:37.757 11.125 39.25 131.375 0.005 0.042 1.026 0.03 0.0 0.091 32.97 2.59 6.03 159.08
2021-10-14 03:03:38.692 11.875 36.25 128.375 0.005 0.042 1.026 0.061 -0.03 0.03 32.99 2.79 6.35 158.81
2021-10-14 03:03:39.644 15.125 33.25 131.25 0.004 0.044 1.024 0.03 0.0 0.091 32.96 2.58 6.24 158.63
2021-10-14 03:03:40.604 10.375 30.75 136.75 0.005 0.043 1.024 0.03 -0.091 0.0 32.99 2.37 6.05 158.49
2021-10-14 03:03:41.562 9.375 33.375 128.875 0.005 0.042 1.025 0.0 0.0 0.03 32.97 2.54 6.21 158.28
2021-10-14 03:03:42.504 11.75 30.875 132.5 0.005 0.043 1.025 0.0 0.0 0.061 32.99 2.35 6.05 158.14
2021-10-14 03:03:43.465 11.875 32.625 135.125 0.005 0.043 1.027 0.03 -0.03 0.061 32.98 2.3 6.02 157.97
2021-10-14 03:03:44.418 17.25 33.5 135.125 0.005 0.042 1.026 0.0 0.03 -0.061 33.01 2.16 5.92 157.79
2021-10-14 03:03:45.384 14.375 33.5 134.5 0.005 0.042 1.026 0.03 -0.061 0.061 33.03 2.16 5.94 157.61
2021-10-14 03:03:46.328 14.375 32.0 133.125 0.005 0.043 1.026 0.0 0.0 0.03 32.99 2.08 5.88 157.45
2021-10-14 03:03:47.293 14.375 31.0 133.0 0.006 0.043 1.026 0.061 0.0 0.03 32.98 1.97 5.77 157.3
2021-10-14 03:03:48.244 11.0 29.375 131.375 0.005 0.043 1.026 0.03 0.0 0.061 32.99 1.94 5.71 157.17
2021-10-14 03:03:49.228 12.875 32.5 134.0 0.005 0.044 1.027 0.0 -0.03 0.0 32.99 2.01 5.79 156.99
2021-10-14 03:03:50.158 9.125 30.875 129.875 0.005 0.044 1.027 0.03 -0.091 0.03 33.0 2.13 5.88 156.83
2021-10-14 03:03:51.101 11.75 33.75 133.625 0.005 0.043 1.027 -0.061 -0.03 0.0 33.01 2.24 5.98 156.63
2021-10-14 03:03:52.048 12.875 31.125 134.75 0.006 0.043 1.027 0.0 0.03 0.0 33.01 2.09 5.82 156.49
2021-10-14 03:03:53.006 14.375 31.375 136.625 0.005 0.044 1.026 0.03 0.0 0.03 32.98 1.96 5.7 156.36
2021-10-14 03:03:53.972 8206.375 30.125 131.75 0.004 0.044 1.025 0.0 -0.061 0.03 33.01 1.55 5.05 161.35
2021-10-14 03:03:54.915 13.5 32.75 135.5 0.006 0.043 1.027 0.03 -0.03 0.03 33.02 1.87 5.53 161.13
2021-10-14 03:03:55.872 11.375 34.625 132.375 0.005 0.044 1.026 0.0 -0.03 0.061 33.02 2.26 6.02 160.87
2021-10-14 03:03:56.820 13.625 33.625 132.875 0.005 0.043 1.026 0.03 -0.03 0.03 32.99 2.31 6.17 160.66
2021-10-14 03:03:57.783 12.0 34.125 131.125 0.006 0.043 1.025 0.0 0.0 0.03 32.98 2.42 6.35 160.44
2021-10-14 03:03:58.730 11.5 31.75 137.875 0.005 0.043 1.025 0.03 0.0 0.0 32.96 2.27 6.21 160.3
2021-10-14 03:03:59.680 14.25 34.5 133.875 0.005 0.043 1.026 0.03 0.03 0.03 32.99 2.3 6.3 160.09
2021-10-14 03:04:00.633 14.625 35.375 134.375 0.006 0.043 1.026 0.03 -0.03 0.03 33.0 2.33 6.38 159.86
2021-10-14 03:04:01.590 12.125 30.0 132.375 0.005 0.043 1.026 0.061 0.0 0.03 33.01 2.13 6.16 159.73
2021-10-14 03:04:02.544 11.125 31.375 135.0 0.005 0.043 1.028 0.03 0.0 0.061 33.0 2.11 6.11 159.58
2021-10-14 03:04:03.493 12.625 32.5 132.75 0.004 0.043 1.025 0.0 -0.091 0.03 32.98 2.14 6.14 159.4
2021-10-14 03:04:04.450 13.875 34.75 134.5 0.005 0.042 1.025 0.03 -0.03 0.03 32.99 2.22 6.22 159.19
2021-10-14 03:04:05.402 14.875 32.0 131.875 0.006 0.043 1.025 0.0 0.03 0.0 33.02 2.1 6.11 159.02
2021-10-14 03:04:06.357 12.25 34.125 133.75 0.005 0.043 1.024 0.0 -0.091 0.03 33.06 2.21 6.22 158.82
2021-10-14 03:04:07.315 12.75 33.875 135.0 0.004 0.042 1.026 0.03 0.0 0.03 33.06 2.25 6.22 158.63
2021-10-14 03:04:08.301 10.5 35.625 131.0 0.004 0.043 1.025 0.0 0.0 -0.03 32.99 2.51 6.43 158.39
2021-10-14 03:04:09.235 13.0 30.5 130.375 0.005 0.043 1.025 0.0 -0.061 0.061 32.98 2.26 6.16 158.25
2021-10-14 03:04:10.181 12.5 31.875 135.0 0.005 0.043 1.024 0.03 -0.03 0.03 32.98 2.15 6.05 158.1
2021-10-14 03:04:11.139 10.25 32.0 134.375 0.005 0.043 1.025 0.03 -0.061 -0.03 32.99 2.19 6.05 157.94
2021-10-14 03:04:12.106 11.875 31.875 135.0 0.005 0.043 1.027 0.0 0.0 0.03 32.98 2.14 5.99 157.79
2021-10-14 03:04:13.057 13.125 35.625 132.625 0.006 0.045 1.026 0.0 0.0 0.0 32.99 2.31 6.2 157.55
2021-10-14 03:04:14.013 13.125 35.125 131.875 0.005 0.043 1.024 -0.03 -0.03 0.03 32.99 2.37 6.27 157.34
2021-10-14 03:04:14.982 13.375 33.375 139.125 0.005 0.044 1.023 0.0 0.03 0.0 32.95 2.23 6.1 157.18
2021-10-14 03:04:15.938 12.375 32.375 132.125 0.005 0.043 1.024 -0.03 -0.03 0.03 32.95 2.2 6.05 157.02
2021-10-14 03:04:16.893 12.875 33.125 134.625 0.005 0.042 1.024 0.03 -0.03 0.061 32.95 2.17 6.0 156.85
2021-10-14 03:04:17.839 13.125 35.625 137.875 0.005 0.044 1.026 0.0 -0.061 0.061 32.98 2.26 6.08 156.65
2021-10-14 03:04:18.805 12.875 34.875 135.625 0.005 0.042 1.027 0.0 -0.03 0.091 32.98 2.29 6.09 156.46
2021-10-14 03:04:19.737 12.25 32.125 130.75 0.004 0.042 1.026 0.0 -0.061 0.0 33.01 2.24 6.01 156.29
2021-10-14 03:04:20.690 15.625 33.75 135.625 0.005 0.044 1.025 0.0 -0.03 0.03 32.99 2.14 5.91 156.12
2021-10-14 03:04:21.650 8204.125 33.125 132.5 0.005 0.043 1.025 0.091 -0.061 0.03 32.99 1.69 5.22 161.15
2021-10-14 03:04:22.636 14.5 34.0 130.75 0.004 0.043 1.025 0.03 -0.061 0.03 32.96 2.05 5.74 160.89
2021-10-14 03:04:23.570 11.75 36.625 132.5 0.005 0.044 1.026 0.0 0.0 0.061 33.0 2.46 6.25 160.6
2021-10-14 03:04:24.529 8.625 32.625 132.0 0.005 0.043 1.026 0.061 0.061 0.0 33.01 2.53 6.36 160.42
2021-10-14 03:04:25.485 11.625 33.5 132.25 0.006 0.044 1.025 0.0 -0.03 0.03 33.02 2.5 6.41 160.22
2021-10-14 03:04:26.424 9.375 32.0 134.0 0.005 0.043 1.025 0.03 -0.061 0.0 32.98 2.44 6.36 160.06
2021-10-14 03:04:27.376 8.75 31.0 137.625 0.005 0.043 1.025 0.03 -0.03 0.03 32.97 2.32 6.23 159.93
2021-10-14 03:04:28.332 13.375 33.375 134.75 0.005 0.043 1.027 0.061 -0.061 0.091 32.97 2.28 6.23 159.75
2021-10-14 03:04:29.297 13.75 31.875 134.375 0.006 0.043 1.027 0.0 -0.061 0.03 33.0 2.15 6.13 159.59
2021-10-14 03:04:30.245 14.0 31.375 129.875 0.006 0.043 1.027 0.0 0.0 0.061 33.02 2.07 6.08 159.42
2021-10-14 03:04:31.190 10.5 34.0 132.875 0.006 0.043 1.028 0.0 0.061 0.03 32.99 2.27 6.25 159.21
2021-10-14 03:04:32.136 13.75 29.5 134.125 0.006 0.043 1.026 0.0 0.0 0.0 33.01 2.01 5.96 159.09
2021-10-14 03:04:33.090 11.875 33.5 133.875 0.005 0.043 1.027 0.0 -0.061 0.03 33.06 2.16 6.1 158.9
2021-10-14 03:04:34.029 9.5 34.0 133.625 0.004 0.043 1.027 -0.03 -0.03 -0.03 33.0 2.36 6.25 158.69
2021-10-14 03:04:34.986 13.125 30.375 134.0 0.005 0.043 1.027 -0.03 -0.03 0.061 33.05 2.14 6.01 158.56
2021-10-14 03:04:35.942 11.75 32.5 134.125 0.004 0.043 1.026 0.122 -0.03 0.03 33.04 2.18 6.05 158.39
2021-10-14 03:04:36.901 9.875 33.0 132.375 0.005 0.044 1.027 0.03 -0.03 0.0 33.04 2.3 6.16 158.2
2021-10-14 03:04:37.850 8202.375 33.125 135.875 0.005 0.043 1.027 0.0 -0.03 0.0 33.02 1.82 5.42 162.81
2021-10-14 03:04:38.797 12.125 35.375 134.125 0.006 0.044 1.027 0.03 0.0 -0.03 33.04 2.25 6.03 162.53
2021-10-14 03:04:39.749 13.125 31.375 134.625 0.004 0.043 1.027 0.03 0.0 0.061 33.04 2.2 6.08 162.36
2021-10-14 03:04:40.703 13.0 33.25 134.625 0.005 0.044 1.027 -0.03 -0.03 0.03 33.04 2.25 6.24 162.16
2021-10-14 03:04:41.656 12.5 33.125 133.25 0.004 0.042 1.027 0.03 0.0 0.03 33.04 2.29 6.34 161.96
2021-10-14 03:04:42.602 8202.625 28.5 131.375 0.006 0.043 1.025 0.0 -0.061 0.0 32.99 1.79 5.55 165.79
2021-10-14 03:04:43.557 14.5 31.375 134.875 0.005 0.043 1.025 0.061 0.0 0.03 33.0 1.91 5.9 165.58
2021-10-14 03:04:44.507 11.625 28.875 131.25 0.005 0.043 1.026 0.03 -0.061 0.03 33.02 1.93 6.03 165.43
2021-10-14 03:04:45.462 14.25 36.625 136.5 0.005 0.043 1.026 0.0 0.0 0.03 32.99 2.24 6.51 165.15
2021-10-14 03:04:46.424 14.375 33.375 135.375 0.005 0.043 1.025 0.03 -0.03 0.061 32.95 2.21 6.58 164.95
2021-10-14 03:04:47.385 13.25 31.75 132.125 0.006 0.043 1.024 0.0 0.0 0.091 32.94 2.14 6.57 164.77
2021-10-14 03:04:48.337 13.75 34.625 131.5 0.006 0.044 1.025 0.03 0.0 0.0 32.96 2.25 6.77 164.53
2021-10-14 03:04:49.292 14.375 34.5 133.5 0.005 0.043 1.025 0.0 0.061 0.03 32.97 2.26 6.82 164.31
2021-10-14 03:04:50.251 13.625 33.5 137.75 0.005 0.043 1.026 0.03 0.0 0.061 32.96 2.17 6.72 164.14
2021-10-14 03:04:51.243 12.875 33.25 131.625 0.005 0.044 1.027 0.03 -0.03 0.0 32.98 2.2 6.75 163.94
2021-10-14 03:04:52.178 9.625 31.625 130.125 0.004 0.043 1.027 0.03 0.0 -0.03 33.0 2.25 6.73 163.76
2021-10-14 03:04:53.133 10.625 34.125 134.875 0.005 0.042 1.025 -0.03 -0.061 0.122 33.0 2.32 6.78 163.57
2021-10-14 03:04:54.095 13.5 31.625 136.75 0.006 0.044 1.026 -0.03 0.0 0.0 33.01 2.13 6.56 163.42
2021-10-14 03:04:55.074 13.25 32.375 131.75 0.006 0.043 1.026 0.0 -0.03 -0.03 33.04 2.11 6.56 163.23
2021-10-14 03:04:56.025 11.125 32.5 129.75 0.005 0.044 1.026 0.0 -0.03 0.03 33.03 2.2 6.63 163.04
2021-10-14 03:04:56.971 13.0 31.125 132.25 0.005 0.045 1.026 0.0 0.0 0.03 33.03 2.09 6.51 162.88
2021-10-14 03:04:57.922 14.875 35.875 132.625 0.005 0.043 1.026 0.0 0.0 -0.03 33.01 2.23 6.7 162.63
2021-10-14 03:04:58.865 10.25 30.125 133.75 0.005 0.043 1.026 0.03 -0.03 -0.03 33.06 2.11 6.49 162.49
2021-10-14 03:04:59.826 11.25 32.0 135.625 0.005 0.043 1.026 0.03 0.0 0.0 33.05 2.1 6.43 162.33
2021-10-14 03:05:00.773 12.625 32.375 132.5 0.005 0.043 1.026 0.03 -0.061 0.03 33.08 2.11 6.43 162.15
2021-10-14 03:05:01.728 13.125 32.875 134.625 0.005 0.043 1.028 -0.03 -0.03 0.0 33.04 2.11 6.42 161.97
2021-10-14 03:05:02.677 8200.0 33.125 129.875 0.006 0.042 1.026 0.0 0.0 0.0 33.04 1.65 5.59 165.79
2021-10-14 03:05:03.638 13.375 32.5 135.625 0.005 0.043 1.025 0.03 -0.03 0.03 33.05 1.91 6.02 165.57
2021-10-14 03:05:04.589 14.25 31.125 135.75 0.006 0.043 1.026 0.061 -0.03 0.03 33.05 1.91 6.15 165.39
2021-10-14 03:05:05.564 12.75 31.25 134.75 0.005 0.042 1.026 0.03 0.03 0.061 33.07 1.95 6.27 165.22
2021-10-14 03:05:06.504 13.75 31.25 130.625 0.005 0.043 1.025 0.03 -0.03 0.091 33.04 1.99 6.38 165.03
2021-10-14 03:05:07.454 12.375 32.125 132.5 0.006 0.044 1.026 0.03 -0.03 0.061 33.04 2.05 6.51 164.84
2021-10-14 03:05:08.416 13.625 34.625 134.625 0.004 0.043 1.024 0.03 -0.061 0.0 33.0 2.18 6.68 164.61
2021-10-14 03:05:09.363 12.0 35.5 130.875 0.005 0.044 1.026 -0.03 -0.03 0.0 33.04 2.39 6.93 164.36
2021-10-14 03:05:10.315 14.875 35.125 136.875 0.004 0.043 1.025 0.03 0.03 0.03 33.05 2.33 6.89 164.16
2021-10-14 03:05:11.274 15.125 32.625 138.125 0.005 0.043 1.027 0.03 -0.03 0.061 33.06 2.13 6.66 164.0
2021-10-14 03:05:12.229 14.375 34.125 134.75 0.005 0.043 1.025 0.03 0.0 0.0 33.03 2.15 6.68 163.79
2021-10-14 03:05:13.183 15.875 32.75 132.0 0.005 0.043 1.026 0.03 -0.03 0.03 33.04 2.07 6.61 163.6
2021-10-14 03:05:14.137 12.625 33.25 134.5 0.005 0.043 1.025 0.0 -0.061 0.061 33.03 2.11 6.63 163.41
2021-10-14 03:05:15.102 15.0 34.125 133.625 0.005 0.042 1.025 -0.03 0.03 0.03 33.01 2.13 6.64 163.2
2021-10-14 03:05:16.065 10.125 35.25 134.625 0.004 0.044 1.025 0.03 -0.03 0.061 33.04 2.35 6.81 162.99
2021-10-14 03:05:17.008 16.625 33.375 131.25 0.013 0.043 1.025 -0.122 0.061 0.03 33.06 2.12 6.68 162.79
2021-10-14 03:05:17.964 13.5 33.875 136.5 0.004 0.042 1.023 -0.152 0.183 0.0 33.0 2.13 6.62 162.61
2021-10-14 03:05:18.911 12.25 32.875 133.375 0.004 0.043 1.025 0.0 0.0 0.061 33.0 2.16 6.59 162.43
2021-10-14 03:05:19.868 12.625 33.25 132.125 0.005 0.043 1.026 -0.03 -0.03 0.03 33.04 2.19 6.6 162.23
2021-10-14 03:05:20.821 11.25 33.625 133.75 0.005 0.044 1.026 0.03 0.0 0.0 33.06 2.25 6.63 162.04
2021-10-14 03:05:21.764 16.0 34.625 133.0 0.005 0.043 1.026 0.03 0.03 0.0 33.0 2.22 6.61 161.83
2021-10-14 03:05:22.739 10.75 30.125 135.375 0.005 0.043 1.025 0.03 -0.03 0.061 33.03 2.06 6.37 161.7
2021-10-14 03:05:23.671 12.875 30.25 129.625 0.006 0.043 1.026 0.0 -0.061 0.061 33.03 1.98 6.27 161.55
2021-10-14 03:05:24.653 13.375 32.625 135.875 0.005 0.042 1.025 0.03 0.0 0.061 33.03 1.99 6.26 161.38
2021-10-14 03:05:25.619 12.0 31.25 132.75 0.006 0.043 1.026 0.0 0.0 0.03 33.02 1.99 6.23 161.21
2021-10-14 03:05:26.581 16.625 34.375 138.0 0.012 0.044 1.024 0.061 -0.152 0.091 33.02 1.9 6.26 161.02
2021-10-14 03:05:27.536 16.125 34.5 132.125 0.005 0.043 1.027 -0.061 -0.061 0.061 32.99 2.0 6.35 160.8
2021-10-14 03:05:28.493 14.75 32.375 137.0 0.005 0.043 1.026 0.03 0.03 0.03 32.99 1.94 6.23 160.64
2021-10-14 03:05:29.440 9.75 35.875 136.625 0.006 0.044 1.025 0.0 0.061 0.03 33.0 2.27 6.48 160.42
2021-10-14 03:05:30.401 14.375 32.0 134.25 0.005 0.044 1.023 0.03 0.0 0.061 32.98 2.12 6.31 160.26
2021-10-14 03:05:31.357 13.25 31.625 133.5 0.005 0.043 1.025 0.061 0.03 0.0 32.96 2.05 6.21 160.11
2021-10-14 03:05:32.296 18.375 34.625 131.625 0.006 0.044 1.026 0.061 -0.091 0.03 32.99 2.04 6.25 159.88
2021-10-14 03:05:33.242 10.625 31.5 136.125 0.005 0.044 1.027 0.03 -0.03 0.061 32.99 2.04 6.19 159.74
2021-10-14 03:05:34.194 8.375 30.75 133.625 0.005 0.044 1.027 0.0 0.0 0.03 33.0 2.1 6.17 159.59
2021-10-14 03:05:35.143 12.625 57.125 116.875 -0.009 0.213 0.864 -14.024 10.945 -1.433 32.98 4.8 9.57 158.62
2021-10-14 03:05:36.096 16386.125 31.625 123.25 -0.031 -0.112 0.789 -24.97 12.317 12.104 32.95 5.23 4.92 163.59
2021-10-14 03:05:37.052 16.875 23.75 121.625 -0.066 -0.083 0.86 -5.091 1.128 34.238 32.95 5.19 3.0 164.97
2021-10-14 03:05:38.016 18.125 25.5 117.5 0.09 0.028 0.902 -14.024 -4.116 19.024 32.93 3.05 3.14 165.62
2021-10-14 03:05:38.970 11.875 20.125 125.875 -0.18 -0.139 0.926 4.543 3.14 4.299 32.9 5.23 1.61 165.58
2021-10-14 03:05:39.918 13.0 10.5 120.125 -0.066 -0.214 1.027 1.677 -10.152 3.354 32.91 4.43 -1.08 165.48
2021-10-14 03:05:40.880 96.625 57.875 56.25 -0.197 0.053 1.275 61.311 -282.835 75.457 32.88 -7.79 3.94 166.26
2021-10-14 03:05:41.829 -52.5 57.25 117.0 -0.532 0.216 1.05 -2.012 113.872 -3.079 32.93 15.5 6.75 163.84
2021-10-14 03:05:42.793 -16405.375 62.375 128.0 -0.351 0.07 1.083 32.226 138.079 -40.701 32.9 29.02 5.8 158.96
2021-10-14 03:05:43.728 58.625 45.875 102.75 0.053 0.028 0.924 12.927 -102.378 35.457 32.89 17.0 5.81 160.26
2021-10-14 03:05:44.692 31.625 50.75 122.0 0.019 -0.003 1.036 50.427 25.03 -9.878 32.87 14.86 7.73 159.07
2021-10-14 03:05:45.638 8206.625 33.0 134.25 -0.014 0.038 1.026 -0.671 0.427 0.976 32.84 12.09 7.4 163.26
2021-10-14 03:05:46.621 11.125 27.0 136.25 -0.011 0.016 1.032 -0.305 0.488 0.549 32.88 9.58 5.73 163.06
2021-10-14 03:05:47.569 13.0 31.625 133.375 -0.012 0.031 1.026 0.091 0.03 0.061 32.83 7.89 5.44 162.84
2021-10-14 03:05:48.514 8204.125 33.5 135.75 -0.012 0.032 1.027 0.122 -0.03 0.03 32.85 6.42 5.04 166.4
2021-10-14 03:05:49.460 13.25 34.375 133.375 -0.01 0.033 1.027 0.061 0.03 0.061 32.87 5.75 5.56 166.1
2021-10-14 03:05:50.397 14.875 35.25 132.125 -0.013 0.033 1.026 0.061 0.0 0.091 32.85 5.24 5.95 165.79
2021-10-14 03:05:51.349 10.75 35.875 136.125 -0.011 0.033 1.026 0.061 0.061 0.03 32.88 4.89 6.25 165.52
2021-10-14 03:05:52.294 11.25 35.5 135.625 -0.01 0.033 1.027 0.091 0.0 0.061 32.85 4.54 6.41 165.26
2021-10-14 03:05:53.276 15.125 32.125 135.5 -0.01 0.035 1.028 0.03 -0.03 0.061 32.88 4.02 6.22 165.06
2021-10-14 03:05:54.206 17.125 29.25 130.75 -0.01 0.034 1.028 0.03 0.0 0.061 32.87 3.53 5.92 164.89
2021-10-14 03:05:55.162 17.0 34.125 131.625 -0.01 0.034 1.027 0.0 0.061 0.0 32.9 3.43 6.1 164.62
2021-10-14 03:05:56.106 16.5 31.125 138.125 -0.01 0.035 1.027 0.03 0.0 0.0 32.91 3.13 5.91 164.44
2021-10-14 03:05:57.071 18.25 29.875 135.0 -0.01 0.035 1.027 0.061 0.03 0.091 32.89 2.86 5.73 164.28
2021-10-14 03:05:58.008 12.125 30.75 129.875 -0.01 0.036 1.027 -0.03 0.0 0.03 32.89 2.92 5.89 164.07
2021-10-14 03:05:58.953 16.0 33.75 135.625 -0.01 0.035 1.027 0.03 0.03 0.03 32.93 2.93 6.01 163.84
2021-10-14 03:05:59.898 16.5 33.875 135.75 -0.01 0.035 1.026 0.061 0.03 0.061 32.9 2.91 6.09 163.62
2021-10-14 03:06:00.863 14.25 35.25 134.375 -0.009 0.033 1.026 0.061 0.061 0.061 32.93 3.04 6.25 163.36
2021-10-14 03:06:01.820 13.75 31.5 137.375 -0.008 0.035 1.027 0.061 -0.03 0.03 32.89 2.86 6.07 163.2
2021-10-14 03:06:02.761 11.25 32.5 135.5 -0.009 0.035 1.027 0.091 0.0 0.061 32.9 2.9 6.11 163.01
2021-10-14 03:06:03.712 15.75 32.125 135.0 -0.01 0.036 1.026 0.03 0.091 0.03 32.93 2.81 6.02 162.82
2021-10-14 03:06:04.656 15.75 31.625 134.5 -0.01 0.035 1.026 0.0 0.03 0.061 32.9 2.73 5.93 162.63
2021-10-14 03:06:05.602 13.875 34.5 135.5 -0.009 0.035 1.026 0.061 0.03 0.091 32.93 2.86 6.08 162.4
2021-10-14 03:06:06.550 14.5 29.25 132.875 -0.009 0.035 1.026 0.091 0.061 0.0 32.9 2.67 5.82 162.26
2021-10-14 03:06:07.539 14.5 32.375 132.375 -0.009 0.035 1.026 0.03 0.0 0.0 32.88 2.72 5.9 162.05
2021-10-14 03:06:08.479 15.125 34.0 135.25 -0.008 0.035 1.025 0.061 0.03 0.061 32.87 2.78 5.99 161.82
2021-10-14 03:06:09.422 14.375 34.5 135.875 -0.009 0.036 1.026 0.0 0.03 0.0 32.89 2.86 6.07 161.6
2021-10-14 03:06:10.369 17.75 37.25 138.5 -0.01 0.034 1.026 0.03 0.061 0.061 32.9 2.94 6.16 161.34
2021-10-14 03:06:11.318 16.125 33.125 135.25 -0.01 0.034 1.027 0.03 0.03 0.061 32.9 2.84 6.02 161.15
2021-10-14 03:06:12.276 17.25 31.625 134.125 -0.01 0.035 1.026 -0.061 0.061 0.091 32.89 2.7 5.82 160.98
2021-10-14 03:06:13.231 15.25 36.625 135.75 -0.009 0.034 1.026 0.091 0.03 0.061 32.91 2.91 6.03 160.71
2021-10-14 03:06:14.195 17.875 30.875 133.25 -0.009 0.035 1.026 0.0 0.03 0.061 32.89 2.69 5.75 160.55
2021-10-14 03:06:15.128 11.0 33.25 128.125 -0.008 0.036 1.026 0.061 0.03 0.091 32.91 2.93 5.99 160.32
2021-10-14 03:06:16.084 15.875 32.0 131.0 -0.007 0.035 1.026 0.091 -0.061 0.0 32.9 2.8 5.87 160.13
2021-10-14 03:06:17.037 14.625 34.875 136.25 -0.008 0.035 1.025 0.03 0.03 0.091 32.9 2.87 5.93 159.91
2021-10-14 03:06:17.996 13.75 35.5 135.5 -0.008 0.035 1.027 0.061 -0.03 0.061 32.91 2.97 6.03 159.67
2021-10-14 03:06:18.946 14.375 31.75 134.5 -0.007 0.035 1.027 0.0 0.0 -0.03 32.9 2.8 5.83 159.5
2021-10-14 03:06:19.893 14.875 31.875 134.625 -0.009 0.035 1.027 0.03 0.0 0.03 32.9 2.72 5.71 159.33
2021-10-14 03:06:20.844 13.625 33.125 133.5 -0.008 0.034 1.026 0.03 0.061 0.03 32.8 2.78 5.75 159.13
2021-10-14 03:06:21.783 16.875 31.0 133.0 -0.007 0.035 1.025 0.03 0.061 0.0 32.85 2.61 5.55 158.96
2021-10-14 03:06:22.752 12.25 34.75 136.5 -0.008 0.036 1.026 0.091 0.03 0.061 32.82 2.82 5.75 158.74
2021-10-14 03:06:23.697 16.5 33.75 135.375 -0.009 0.035 1.027 0.03 0.03 0.061 32.88 2.77 5.7 158.55
2021-10-14 03:06:24.676 16.375 36.25 131.375 -0.008 0.035 1.026 0.061 0.0 0.061 32.85 2.92 5.88 158.28
2021-10-14 03:06:25.612 16.125 31.375 133.5 -0.009 0.035 1.026 0.061 0.061 0.0 32.81 2.74 5.63 158.12
2021-10-14 03:06:26.563 10.875 34.5 131.875 -0.006 0.036 1.026 -0.061 0.061 0.0 32.81 2.96 5.84 157.88
2021-10-14 03:06:27.522 16.75 29.125 136.625 -0.006 0.036 1.026 0.061 0.03 0.061 32.81 2.59 5.39 157.78
2021-10-14 03:06:28.498 14.125 30.625 130.375 -0.004 0.036 1.025 0.061 -0.03 0.03 32.76 2.54 5.38 157.61
2021-10-14 03:06:29.435 18.25 35.625 132.0 -0.008 0.036 1.024 0.0 0.03 0.03 32.79 2.67 5.55 157.35
2021-10-14 03:06:30.382 15.625 35.125 135.5 -0.008 0.035 1.026 -0.061 0.061 0.061 32.76 2.76 5.62 157.13
2021-10-14 03:06:31.330 15.625 33.25 131.75 -0.008 0.036 1.026 0.03 0.0 0.03 32.76 2.74 5.59 156.93
2021-10-14 03:06:32.301 15.625 33.125 133.375 -0.007 0.035 1.027 0.03 0.03 0.03 32.79 2.71 5.54 156.74
2021-10-14 03:06:33.235 13.625 31.375 129.625 -0.007 0.036 1.026 0.03 -0.03 0.061 32.78 2.68 5.49 156.57
2021-10-14 03:06:34.183 16.375 34.0 137.875 -0.009 0.036 1.027 0.03 0.03 0.061 32.78 2.66 5.44 156.38
2021-10-14 03:06:35.137 15.875 35.25 135.0 -0.008 0.035 1.026 0.061 0.03 0.0 32.71 2.76 5.53 156.16
2021-10-14 03:06:36.083 18.5 31.25 134.25 -0.007 0.036 1.026 0.122 0.03 0.03 32.72 2.53 5.26 156.02
2021-10-14 03:06:37.037 17.25 31.75 128.25 -0.008 0.035 1.027 0.03 0.0 0.03 32.77 2.51 5.23 155.83
2021-10-14 03:06:37.981 14.625 30.875 133.0 -0.006 0.036 1.027 -0.03 0.061 -0.03 32.77 2.47 5.18 155.67
2021-10-14 03:06:38.962 17.0 34.0 134.25 -0.008 0.035 1.027 0.0 0.0 0.03 32.77 2.54 5.24 155.46
2021-10-14 03:06:39.913 12.875 31.125 136.625 -0.007 0.036 1.027 0.0 -0.03 0.03 32.79 2.52 5.18 155.31
2021-10-14 03:06:40.891 18.875 29.125 131.75 -0.008 0.036 1.027 0.03 0.061 0.03 32.78 2.3 4.9 155.2
2021-10-14 03:06:41.828 14.125 33.75 128.75 -0.006 0.036 1.026 0.03 0.03 0.03 32.75 2.58 5.2 154.96
2021-10-14 03:06:42.802 17.125 33.625 133.0 -0.008 0.036 1.026 0.061 0.03 0.03 32.73 2.59 5.22 154.76
2021-10-14 03:06:43.750 13.25 31.375 136.0 -0.008 0.034 1.027 0.091 0.0 0.091 32.76 2.56 5.14 154.61
2021-10-14 03:06:44.712 16.75 33.5 136.625 -0.008 0.036 1.026 0.0 0.0 0.061 32.78 2.55 5.12 154.44
2021-10-14 03:06:45.709 16.625 34.375 132.875 -0.007 0.039 1.026 0.396 0.274 0.03 32.74 2.63 5.25 154.23
2021-10-14 03:06:46.640 12.75 33.875 128.625 -0.008 0.036 1.026 0.03 0.061 0.03 32.72 2.81 5.4 154.0
2021-10-14 03:06:47.600 15.0 32.875 137.375 -0.008 0.036 1.026 0.03 0.03 0.091 32.73 2.7 5.25 153.85
2021-10-14 03:06:48.564 14.75 32.25 134.0 -0.009 0.036 1.026 0.03 0.03 0.03 32.74 2.65 5.17 153.69
2021-10-14 03:06:49.514 15.625 31.375 133.125 -0.006 0.035 1.027 0.03 -0.03 0.03 32.77 2.52 5.03 153.54
2021-10-14 03:06:50.444 13.375 34.5 127.75 -0.008 0.035 1.027 0.03 0.091 0.061 32.75 2.78 5.26 153.3
2021-10-14 03:06:51.413 14.25 28.0 132.75 -0.007 0.036 1.028 0.03 -0.03 0.0 32.78 2.49 4.91 153.2
2021-10-14 03:06:52.362 14.25 35.125 135.375 -0.008 0.034 1.026 0.061 0.03 0.0 32.79 2.68 5.08 152.98
2021-10-14 03:06:53.320 15.75 34.0 136.5 -0.008 0.037 1.027 0.152 0.03 -0.03 32.78 2.67 5.09 152.8
2021-10-14 03:06:54.250 13.75 35.0 130.5 -0.007 0.037 1.027 -0.03 0.061 0.0 32.82 2.84 5.26 152.57
2021-10-14 03:06:55.192 14.625 33.125 135.25 -0.009 0.035 1.026 0.0 0.0 0.0 32.82 2.76 5.14 152.4
2021-10-14 03:06:56.135 15.625 35.75 139.0 -0.008 0.037 1.026 0.03 0.061 0.03 32.79 2.77 5.16 152.21
2021-10-14 03:06:57.064 10.0 32.75 130.25 -0.007 0.035 1.027 0.0 0.0 0.0 32.76 2.89 5.24 152.02
2021-10-14 03:06:58.016 13.625 31.5 140.0 -0.007 0.036 1.026 0.03 -0.03 0.03 32.78 2.67 5.0 151.9
2021-10-14 03:06:58.959 15.0 34.625 136.5 -0.007 0.035 1.026 0.03 0.03 0.0 32.82 2.7 5.02 151.71
2021-10-14 03:06:59.914 16.5 33.875 131.875 -0.007 0.035 1.027 0.03 0.0 0.0 32.79 2.66 4.98 151.52
2021-10-14 03:07:00.880 15.125 33.875 133.75 -0.007 0.035 1.027 0.03 0.0 0.0 32.8 2.66 4.97 151.34
2021-10-14 03:07:01.818 13.5 36.875 136.875 -0.008 0.035 1.026 0.0 0.03 0.061 32.81 2.86 5.13 151.11
2021-10-14 03:07:02.764 17.125 35.5 135.25 -0.007 0.036 1.026 -0.03 0.061 0.061 32.79 2.78 5.06 150.92
2021-10-14 03:07:03.708 14.0 30.625 138.0 -0.006 0.035 1.026 0.03 -0.061 0.03 32.81 2.54 4.81 150.81
2021-10-14 03:07:04.657 16.125 31.75 135.25 -0.008 0.035 1.026 0.061 0.03 0.03 32.79 2.44 4.68 150.68
2021-10-14 03:07:05.606 13.875 32.625 135.5 -0.007 0.036 1.027 -0.03 0.0 0.03 32.82 2.49 4.72 150.51
2021-10-14 03:07:06.554 15.5 34.625 134.125 -0.007 0.036 1.026 0.0 0.03 0.03 32.8 2.57 4.82 150.32
2021-10-14 03:07:07.510 15.375 32.5 134.625 -0.006 0.036 1.027 0.0 0.061 0.061 32.8 2.49 4.74 150.17
2021-10-14 03:07:08.445 13.0 32.875 130.75 -0.008 0.035 1.026 0.061 0.03 0.061 32.8 2.61 4.83 149.99
2021-10-14 03:07:09.398 12.625 33.875 134.125 -0.008 0.035 1.026 0.03 0.0 0.03 32.81 2.72 4.89 149.8
2021-10-14 03:07:10.351 13.125 34.25 137.0 -0.007 0.035 1.025 0.061 0.0 0.061 32.84 2.74 4.89 149.63
2021-10-14 03:07:11.348 13.75 32.25 137.625 -0.007 0.035 1.025 0.03 0.061 0.0 32.78 2.62 4.76 149.49
2021-10-14 03:07:12.278 16.25 33.875 132.625 -0.007 0.035 1.025 0.091 0.061 0.0 32.84 2.59 4.73 149.32
2021-10-14 03:07:13.227 14.625 32.875 134.25 -0.007 0.036 1.026 0.03 0.0 -0.03 32.84 2.55 4.7 149.16
2021-10-14 03:07:14.180 10.625 30.875 136.75 -0.007 0.035 1.026 0.03 0.03 0.03 32.83 2.55 4.66 149.03
2021-10-14 03:07:15.149 14.375 30.5 135.625 -0.006 0.035 1.025 0.091 0.0 0.03 32.84 2.39 4.51 148.92
2021-10-14 03:07:16.094 14.875 37.0 134.375 -0.007 0.034 1.027 0.0 0.091 -0.03 32.81 2.66 4.73 148.67
2021-10-14 03:07:17.040 14.625 34.0 133.875 -0.008 0.036 1.026 0.03 -0.03 0.091 32.81 2.66 4.72 148.5
2021-10-14 03:07:17.990 15.25 32.0 136.25 -0.002 0.036 1.027 -0.122 0.03 0.0 32.89 2.44 4.56 148.38
2021-10-14 03:07:18.936 14.25 34.75 131.375 -0.007 0.035 1.026 0.0 -0.03 0.03 32.88 2.59 4.69 148.17
2021-10-14 03:07:19.880 17.5 32.625 134.0 -0.007 0.035 1.026 0.03 0.0 0.091 32.84 2.42 4.5 148.05
2021-10-14 03:07:20.825 16.625 30.125 133.5 -0.008 0.036 1.026 0.0 0.0 0.03 32.83 2.24 4.3 147.95
2021-10-14 03:07:21.779 18.0 34.375 133.25 -0.007 0.035 1.026 -0.03 0.03 0.03 32.85 2.3 4.35 147.77
2021-10-14 03:07:22.716 12.625 33.5 132.625 -0.007 0.035 1.025 0.061 0.03 0.122 32.84 2.5 4.51 147.59
2021-10-14 03:07:23.665 15.5 34.375 140.0 -0.008 0.036 1.027 0.03 0.061 0.0 32.84 2.48 4.49 147.44
2021-10-14 03:07:24.645 17.25 30.875 137.5 -0.008 0.036 1.027 0.03 0.0 0.061 32.86 2.26 4.25 147.35
2021-10-14 03:07:25.601 16.625 32.125 132.0 -0.007 0.036 1.027 0.0 0.03 0.03 32.82 2.25 4.24 147.21
2021-10-14 03:07:26.549 13.75 35.625 138.875 -0.007 0.035 1.027 0.03 0.061 0.0 32.82 2.48 4.42 147.01
2021-10-14 03:07:27.509 17.25 31.5 136.875 -0.007 0.034 1.026 0.0 0.03 0.0 32.83 2.28 4.21 146.91
2021-10-14 03:07:28.462 18.375 31.5 134.875 -0.007 0.035 1.027 0.0 0.061 0.03 32.82 2.14 4.06 146.8
2021-10-14 03:07:29.430 17.5 29.75 136.375 -0.008 0.035 1.026 0.091 0.03 0.03 32.8 2.0 3.91 146.71
2021-10-14 03:07:30.388 17.375 31.75 135.25 -0.007 0.035 1.025 0.03 0.0 0.061 32.75 2.01 3.93 146.59
2021-10-14 03:07:31.337 13.375 30.125 135.625 -0.006 0.035 1.026 0.061 -0.03 0.03 32.79 2.07 3.99 146.46
2021-10-14 03:07:32.312 16.125 31.625 134.625 -0.005 0.037 1.027 -0.152 -0.122 0.061 32.76 2.07 4.02 146.33
2021-10-14 03:07:33.278 14.25 30.5 137.125 -0.008 0.035 1.027 0.061 0.03 0.0 32.79 2.09 4.02 146.21
2021-10-14 03:07:34.251 16.75 33.125 134.625 -0.008 0.036 1.026 0.03 0.03 0.03 32.76 2.16 4.08 146.06
2021-10-14 03:07:35.201 16.0 34.5 129.875 -0.008 0.035 1.026 0.061 0.03 0.03 32.79 2.35 4.23 145.87
2021-10-14 03:07:36.162 14.875 30.75 137.125 -0.005 0.036 1.027 0.061 0.0 0.0 32.76 2.21 4.12 145.76
2021-10-14 03:07:37.151 16.75 33.875 136.25 -0.007 0.036 1.026 0.0 0.0 0.0 32.8 2.23 4.14 145.61
2021-10-14 03:07:38.083 13.75 33.125 132.875 -0.006 0.035 1.026 0.061 0.03 0.091 32.81 2.34 4.23 145.45
2021-10-14 03:07:39.034 17.0 33.5 135.75 -0.007 0.035 1.026 0.061 0.03 0.061 32.77 2.28 4.17 145.32
2021-10-14 03:07:39.984 12.625 33.625 136.5 -0.007 0.036 1.026 0.03 0.03 0.091 32.81 2.42 4.28 145.16
2021-10-14 03:07:40.955 14.5 33.0 134.75 -0.007 0.036 1.026 0.0 0.03 0.061 32.78 2.4 4.25 145.02
2021-10-14 03:07:41.891 13.125 34.0 135.5 -0.008 0.035 1.026 0.03 0.03 0.03 32.8 2.5 4.31 144.86
2021-10-14 03:07:42.846 15.25 30.125 134.875 -0.007 0.036 1.027 0.0 0.03 0.03 32.81 2.26 4.08 144.77
2021-10-14 03:07:43.811 17.625 35.125 135.375 -0.007 0.035 1.027 0.061 0.091 0.03 32.78 2.28 4.11 144.62
2021-10-14 03:07:44.784 18.25 35.75 136.25 -0.008 0.035 1.026 0.0 0.03 0.03 32.82 2.3 4.11 144.46
2021-10-14 03:07:45.722 15.375 34.75 130.875 -0.007 0.036 1.026 -0.061 0.03 0.0 32.82 2.4 4.21 144.28
2021-10-14 03:07:46.670 13.25 32.25 135.5 -0.006 0.036 1.026 -0.061 0.03 0.0 32.81 2.37 4.18 144.15
2021-10-14 03:07:47.618 12.0 32.5 133.625 -0.007 0.035 1.027 -0.03 0.061 0.091 32.83 2.44 4.22 144.0
2021-10-14 03:07:48.563 13.875 34.0 129.375 -0.007 0.035 1.026 0.061 0.0 -0.03 32.81 2.51 4.27 143.82
2021-10-14 03:07:49.513 14.875 34.0 135.0 -0.005 0.036 1.026 -0.061 0.03 0.03 32.8 2.44 4.22 143.68
2021-10-14 03:07:50.459 16.625 32.125 134.125 -0.007 0.036 1.027 0.061 -0.03 0.0 32.81 2.25 4.05 143.58
2021-10-14 03:07:51.428 15.125 36.0 135.625 -0.005 0.036 1.027 0.061 0.0 0.03 32.83 2.37 4.17 143.4
2021-10-14 03:07:52.392 16.75 30.0 137.5 -0.008 0.036 1.028 0.152 0.091 0.03 32.82 2.1 3.87 143.34
2021-10-14 03:07:53.346 15.5 32.125 135.625 -0.007 0.036 1.027 0.061 0.03 0.03 32.82 2.09 3.86 143.23
2021-10-14 03:07:54.310 16.125 32.375 136.375 -0.006 0.036 1.027 0.061 0.061 0.0 32.83 2.06 3.83 143.11
2021-10-14 03:07:55.306 17.25 31.125 137.125 -0.006 0.035 1.026 0.03 0.0 0.091 32.8 1.91 3.7 143.03
2021-10-14 03:07:56.241 17.125 34.875 128.625 -0.006 0.035 1.027 0.061 -0.03 0.061 32.85 2.09 3.86 142.85
2021-10-14 03:07:57.200 14.5 32.625 135.375 -0.008 0.035 1.026 0.0 0.03 0.03 32.78 2.15 3.89 142.71
2021-10-14 03:07:58.145 17.25 31.125 135.5 -0.004 0.036 1.025 0.061 0.0 0.03 32.82 1.95 3.73 142.63
2021-10-14 03:07:59.128 15.5 34.5 135.5 -0.007 0.036 1.027 0.091 0.03 0.061 32.83 2.1 3.86 142.48
2021-10-14 03:08:00.070 14.875 35.0 136.5 -0.006 0.036 1.027 0.03 0.061 0.0 32.85 2.23 3.96 142.31
2021-10-14 03:08:01.030 13.375 34.25 137.375 -0.007 0.036 1.026 0.0 0.03 0.061 32.82 2.32 4.02 142.17
2021-10-14 03:08:01.983 13.0 33.5 133.0 -0.007 0.037 1.027 0.03 0.03 0.061 32.79 2.39 4.07 142.02
2021-10-14 03:08:02.935 16.25 34.875 132.125 -0.007 0.036 1.026 0.061 0.061 0.03 32.79 2.36 4.04 141.87
2021-10-14 03:08:03.883 13.5 35.625 132.75 -0.006 0.034 1.026 0.03 0.03 0.0 32.79 2.48 4.12 141.69
2021-10-14 03:08:04.832 14.5 30.75 133.25 -0.008 0.035 1.027 0.0 -0.03 0.03 32.82 2.27 3.9 141.61
2021-10-14 03:08:05.798 14.125 32.875 133.375 -0.007 0.035 1.027 0.061 0.03 0.061 32.81 2.27 3.89 141.48
2021-10-14 03:08:06.744 14.375 32.375 132.875 -0.007 0.035 1.026 0.03 0.03 0.091 32.78 2.23 3.85 141.36
2021-10-14 03:08:07.701 12.625 35.125 135.0 -0.007 0.036 1.027 0.0 0.091 0.0 32.77 2.41 3.99 141.19
2021-10-14 03:08:08.649 13.125 31.0 133.375 -0.008 0.036 1.027 0.061 0.0 0.0 32.79 2.3 3.89 141.09
2021-10-14 03:08:09.584 13.75 36.0 137.0 -0.007 0.035 1.027 0.03 0.03 0.03 32.85 2.42 3.98 140.92
2021-10-14 03:08:10.533 16.125 32.5 133.125 -0.006 0.036 1.028 0.03 -0.03 0.061 32.84 2.22 3.83 140.83
2021-10-14 03:08:11.481 18.5 31.75 134.125 -0.007 0.035 1.027 0.091 0.03 0.061 32.85 1.98 3.6 140.77
2021-10-14 03:08:12.448 12.25 35.0 127.75 -0.007 0.035 1.028 0.03 0.0 0.061 32.83 2.34 3.87 140.55
2021-10-14 03:08:13.394 17.25 32.375 137.125 -0.006 0.037 1.027 0.0 0.0 0.03 32.88 2.1 3.68 140.48
2021-10-14 03:08:14.339 15.875 30.875 133.0 -0.006 0.036 1.028 0.0 0.03 -0.03 32.88 1.96 3.57 140.4
2021-10-14 03:08:15.289 17.375 31.75 134.75 -0.006 0.037 1.026 0.0 0.0 0.061 32.89 1.84 3.49 140.32
2021-10-14 03:08:16.278 10.5 31.75 133.25 -0.007 0.036 1.027 0.03 0.03 0.0 32.91 2.12 3.69 140.17
2021-10-14 03:08:17.212 12.625 29.5 132.75 -0.008 0.035 1.027 0.03 0.061 0.061 32.91 2.06 3.62 140.08
2021-10-14 03:08:18.168 12.75 31.375 135.875 -0.007 0.036 1.027 0.03 0.061 0.061 32.94 2.07 3.64 139.97
2021-10-14 03:08:19.122 17.125 34.5 135.875 -0.007 0.035 1.028 0.03 0.03 0.03 32.91 2.04 3.61 139.86
2021-10-14 03:08:20.099 12.625 32.25 138.5 -0.006 0.036 1.029 0.0 0.0 0.03 32.93 2.09 3.65 139.74
2021-10-14 03:08:21.029 18.0 33.875 131.0 -0.006 0.036 1.028 0.03 0.061 0.061 32.94 2.0 3.59 139.63
2021-10-14 03:08:21.993 15.5 31.25 133.75 -0.008 0.036 1.027 0.0 -0.03 0.03 32.91 1.92 3.52 139.55
2021-10-14 03:08:22.942 16.25 34.375 134.25 -0.006 0.035 1.026 0.061 0.03 0.0 32.91 1.97 3.57 139.41
2021-10-14 03:08:23.896 12.875 33.625 137.5 -0.006 0.035 1.028 0.061 0.0 0.061 32.94 2.1 3.66 139.28
2021-10-14 03:08:24.826 17.875 32.5 130.875 -0.006 0.036 1.027 0.061 0.061 0.03 32.95 1.93 3.52 139.2
2021-10-14 03:08:25.782 15.625 33.75 135.875 -0.008 0.036 1.027 0.03 0.03 0.061 32.93 1.97 3.55 139.08
2021-10-14 03:08:26.725 16.875 25.25 136.625 -0.007 0.036 1.025 0.061 0.03 0.0 32.95 1.55 3.12 139.1
2021-10-14 03:08:27.674 16.0 33.0 133.5 -0.006 0.035 1.026 0.0 -0.03 0.03 32.95 1.7 3.26 138.97
