Date,Time, MagX , MagY , MagZ , AccX , AccY , AccZ , GyroX , GyroY , GyroZ , Temp , Humid , Roll , Pitch , Yaw
2021/10/13,33:35.2,41.625,32.75,127.5,0.024,-0.003,1.032,0.03,-0.03,-0.061,30.15,30.8,-1.22,0.06,140.07
2021/10/13,33:36.2,43.75,31.75,128.125,0.026,-0.001,1.032,-0.03,-0.061,-0.03,30.19,30.79,-1.38,-0.11,140.14
2021/10/13,33:37.1,42.125,33.25,130.5,0.024,-0.003,1.031,0,-0.061,-0.061,30.19,30.79,-1.34,-0.07,140.11
2021/10/13,33:38.1,43,35,130.5,0.025,-0.002,1.032,-0.03,-0.183,0,30.18,30.8,-1.29,0,140.06
2021/10/13,33:39.2,47.625,31.5,130.125,0.025,-0.002,1.032,0.03,-0.091,-0.061,30.17,30.82,-1.53,-0.31,140.22
2021/10/13,33:40.1,39.375,31.875,129.125,0.025,-0.004,1.032,0.03,-0.061,-0.061,30.17,30.83,-1.39,-0.16,140.15
2021/10/13,33:41.1,43,32.75,127.25,0.026,-0.002,1.033,0,-0.091,0,30.17,30.83,-1.41,-0.16,140.16
2021/10/13,33:42.1,45.5,34.75,133.375,0.025,-0.002,1.033,0.03,-0.091,-0.061,30.18,30.84,-1.41,-0.15,140.16
2021/10/13,33:43.1,41.75,32.25,130.25,0.026,-0.003,1.032,-0.03,-0.091,-0.061,30.15,30.84,-1.4,-0.13,140.14
2021/10/13,33:44.1,45.75,33.125,126.25,0.025,-0.002,1.032,-0.03,-0.091,-0.03,30.15,30.82,-1.49,-0.24,140.2
2021/10/13,33:45.1,42.625,33.125,131,0.025,-0.003,1.031,-0.061,-0.03,-0.061,30.14,30.85,-1.43,-0.18,140.17
2021/10/13,33:46.1,43.625,33,129.75,0.026,-0.002,1.033,0.03,-0.091,0,30.13,30.84,-1.45,-0.17,140.18
2021/10/13,33:47.1,41.25,31.5,133.75,0.025,-0.003,1.031,0,-0.03,0.03,30.14,30.85,-1.43,-0.15,140.18
2021/10/13,33:48.1,46.75,37.625,126.125,0.025,-0.002,1.032,0,-0.061,0.03,30.11,30.86,-1.36,-0.06,140.13
2021/10/13,33:49.1,43.375,32.75,127.625,0.025,-0.002,1.031,0,-0.03,-0.03,30.09,30.85,-1.4,-0.12,140.15
2021/10/13,33:50.1,44.75,32.375,127.125,0.026,-0.002,1.032,0,-0.091,-0.03,30.1,30.87,-1.5,-0.23,140.21
2021/10/13,33:51.1,43.75,33.75,132.75,0.024,-0.002,1.031,0,-0.091,-0.061,30.09,30.88,-1.44,-0.17,140.19
2021/10/13,33:52.1,43.25,30.375,126.5,0.025,-0.001,1.032,0,-0.03,0.03,30.11,30.89,-1.54,-0.28,140.26
2021/10/13,33:53.1,46.375,32.5,127.125,0.026,-0.001,1.034,-0.061,-0.122,0.03,30.13,30.89,-1.62,-0.36,140.33
2021/10/13,33:54.1,43.375,33.375,130.75,0.025,-0.002,1.032,0,-0.03,-0.03,30.11,30.9,-1.52,-0.25,140.29
2021/10/13,33:55.1,43,32,128.875,0.026,-0.002,1.03,0,-0.03,0,30.07,30.9,-1.52,-0.23,140.3
2021/10/13,33:56.1,46,31.5,128.25,0.025,-0.003,1.03,0.03,-0.091,0,30.06,30.91,-1.62,-0.38,140.39
2021/10/13,33:57.1,47.25,34.5,126,0.025,-0.002,1.029,0,-0.091,0.061,29.98,30.93,-1.61,-0.36,140.42
2021/10/13,33:58.1,43.875,34.25,129.25,0.025,-0.003,1.03,0,-0.061,-0.03,30.03,30.95,-1.49,-0.23,140.37
2021/10/13,33:59.1,44.75,32.25,128.375,0.025,-0.002,1.031,0.03,0,0,30.02,30.97,-1.53,-0.29,140.41
2021/10/13,34:00.1,43,31.875,137.375,0.025,-0.002,1.032,-0.03,-0.122,0,30.04,30.98,-1.51,-0.24,140.41
2021/10/13,34:01.1,38.375,35,128.125,0.026,-0.002,1.032,0,-0.091,0,29.98,30.98,-1.21,0.1,140.23
2021/10/13,34:02.1,46.625,32.125,132.5,0.026,-0.001,1.032,0,-0.091,-0.061,30.01,30.98,-1.44,-0.16,140.35
2021/10/13,34:03.0,42.5,34.625,126.125,0.026,-0.002,1.031,0,-0.061,0,29.98,30.99,-1.34,-0.04,140.29
2021/10/13,34:04.1,45.875,33.125,132.375,0.025,-0.002,1.032,0,-0.03,0,29.98,30.99,-1.44,-0.16,140.35
2021/10/13,34:05.0,41,32.25,131.5,0.025,-0.002,1.032,0.03,-0.061,0,29.98,30.99,-1.38,-0.09,140.31
2021/10/13,34:06.0,41.125,34.125,126.25,0.025,-0.002,1.032,-0.03,-0.091,0.03,29.98,31.02,-1.27,0.03,140.24
2021/10/13,34:07.0,45.375,33.125,128,0.025,-0.002,1.03,0.03,-0.03,0,29.94,31.03,-1.39,-0.12,140.31
2021/10/13,34:08.0,43.625,35.375,128.875,0.026,-0.001,1.03,0.061,-0.061,-0.03,29.92,31.04,-1.32,0,140.25
2021/10/13,34:09.1,42.625,37.25,130.5,0.026,-0.002,1.03,0.03,-0.061,0.03,29.91,31.08,-1.17,0.17,140.14
2021/10/13,34:10.0,41.125,33.75,125.375,0.026,-0.002,1.03,-0.03,-0.061,0.061,29.91,31.1,-1.18,0.16,140.11
2021/10/13,34:11.0,46,32.5,128.75,0.025,-0.002,1.031,0,-0.03,-0.03,29.91,31.15,-1.39,-0.1,140.22
2021/10/13,34:12.0,40.375,32.375,127,0.026,-0.001,1.031,-0.03,-0.061,-0.03,29.89,31.16,-1.33,-0.02,140.18
2021/10/13,34:13.0,46.875,35.375,131,0.025,-0.002,1.032,-0.03,-0.061,0.03,29.93,31.19,-1.4,-0.1,140.21
2021/10/13,34:14.0,44,32.5,128.75,0.026,-0.002,1.032,0.03,-0.091,-0.03,29.94,31.2,-1.46,-0.16,140.25
2021/10/13,34:15.0,43.125,34.375,129,0.025,-0.003,1.033,-0.03,-0.091,0,29.94,31.23,-1.39,-0.08,140.2
2021/10/13,34:16.0,41.375,33.75,131.5,0.025,-0.001,1.033,0,-0.061,-0.061,29.94,31.21,-1.31,0.02,140.15
2021/10/13,34:17.0,42.75,32.75,127.875,0.024,-0.003,1.033,0.03,-0.122,-0.03,29.98,31.2,-1.34,-0.04,140.16
2021/10/13,34:18.0,42.5,33.875,133.875,0.026,-0.001,1.033,-0.03,-0.091,-0.03,29.96,31.19,-1.32,0.01,140.13
2021/10/13,34:19.0,42.5,35.25,127.25,0.025,-0.002,1.033,0.03,-0.03,0,30.02,31.19,-1.24,0.09,140.07
2021/10/13,34:20.0,43.75,34,129,0.025,-0.003,1.033,-0.03,-0.061,0,29.98,31.17,-1.3,0.01,140.09
2021/10/13,34:21.0,42.5,33.375,131.25,0.026,-0.003,1.033,0,0,-0.03,29.98,31.14,-1.32,-0.01,140.08
2021/10/13,34:22.0,44.125,34.125,133.25,0.025,-0.001,1.031,0.03,-0.122,-0.03,29.94,31.12,-1.35,-0.03,140.08
2021/10/13,34:23.0,44.125,35.375,126.125,0.025,-0.002,1.032,0,0,-0.061,29.96,31.11,-1.31,0,140.05
2021/10/13,34:24.0,43.625,35.25,128.75,0.025,-0.002,1.032,-0.03,-0.03,-0.061,29.97,31.12,-1.28,0.03,140.02
2021/10/13,34:25.0,45.5,35.75,128.25,0.025,-0.001,1.032,0,-0.091,0,29.98,31.12,-1.31,0,140.02
2021/10/13,34:26.0,49.125,34.125,131.625,0.025,-0.002,1.031,-0.03,-0.061,-0.03,29.94,31.09,-1.5,-0.24,140.14
2021/10/13,34:27.0,46.5,32.625,128.375,0.026,-0.002,1.032,0,-0.091,0.03,29.93,31.11,-1.6,-0.35,140.22
2021/10/13,34:28.0,43.75,34.625,132.75,0.026,-0.003,1.03,-0.03,-0.061,0,29.95,31.1,-1.48,-0.21,140.17
2021/10/13,34:29.0,44.375,32.75,127.375,0.025,-0.002,1.031,0.061,-0.091,0,29.92,31.12,-1.51,-0.23,140.2
2021/10/13,34:30.0,42.25,36,127.375,0.024,-0.001,1.031,-0.03,-0.091,-0.03,29.92,31.12,-1.31,-0.01,140.08
2021/10/13,34:31.0,41.625,34.875,128.125,0.025,-0.002,1.033,0.03,-0.061,-0.03,29.94,31.14,-1.23,0.1,140.01
2021/10/13,34:32.0,46.25,35,128.625,0.024,-0.002,1.031,0.03,-0.091,0.03,29.92,31.11,-1.33,-0.03,140.06
2021/10/13,34:33.0,43.125,31.625,131.25,0.026,-0.002,1.031,-0.03,-0.03,-0.061,29.9,31.12,-1.42,-0.14,140.11
2021/10/13,34:34.0,43.625,32.875,123.625,0.025,-0.002,1.031,0,-0.03,-0.03,29.94,31.13,-1.45,-0.17,140.13
2021/10/13,34:34.9,43.5,33,130.125,0.025,-0.003,1.032,0.03,-0.061,0.03,29.91,31.13,-1.45,-0.17,140.13
2021/10/13,34:35.9,46,32.25,131.875,0.026,0,1.032,0.03,-0.061,0,29.92,31.13,-1.56,-0.28,140.21
2021/10/13,34:36.9,43.625,34.625,130.25,0.025,-0.002,1.031,0,-0.091,0,29.9,31.13,-1.45,-0.15,140.16
2021/10/13,34:37.9,41.5,31.625,132,0.025,-0.002,1.031,0,-0.061,-0.03,29.92,31.13,-1.44,-0.14,140.16
2021/10/13,34:38.9,48.25,30.75,129.5,0.026,0,1.032,0.03,-0.061,0.03,29.9,31.16,-1.69,-0.43,140.33
2021/10/13,34:39.9,45.375,34.875,126.875,0.026,0,1.032,0,-0.061,-0.03,29.91,31.16,-1.58,-0.28,140.29
2021/10/13,34:40.9,44.5,35.125,129.625,0.026,-0.001,1.031,0,-0.03,0,29.91,31.16,-1.48,-0.14,140.24
2021/10/13,34:41.9,46.25,33.625,129.125,0.026,-0.001,1.033,0.061,-0.061,-0.03,29.88,31.18,-1.54,-0.21,140.29
2021/10/13,34:42.9,42.75,37.5,132.25,0.026,-0.001,1.031,0.03,-0.03,0,29.89,31.22,-1.29,0.07,140.15
2021/10/13,34:43.9,42.125,36.125,132,0.025,-0.003,1.034,0.03,-0.061,0.03,29.88,31.23,-1.18,0.17,140.07
2021/10/13,34:44.9,44.375,31.625,130,0.025,-0.002,1.031,-0.03,-0.061,0,29.86,31.23,-1.37,-0.07,140.16
2021/10/13,34:45.9,44,31.75,131,0.025,-0.003,1.031,0,-0.091,0,29.89,31.24,-1.46,-0.19,140.22
2021/10/13,34:46.9,44.625,32.5,131.5,0.025,-0.002,1.031,0.03,-0.061,-0.03,29.89,31.26,-1.5,-0.24,140.26
2021/10/13,34:47.9,46.25,33.625,135,0.026,-0.001,1.031,-0.061,-0.061,-0.03,29.89,31.27,-1.54,-0.27,140.29
2021/10/13,34:48.9,45.375,32.125,132.125,0.025,-0.002,1.032,-0.03,-0.03,0.03,29.89,31.29,-1.59,-0.33,140.34
2021/10/13,34:49.9,45.875,34.625,126.625,0.025,-0.003,1.031,0.03,-0.03,0,29.91,31.28,-1.53,-0.27,140.33
2021/10/13,34:50.9,43.5,38.625,126.125,0.025,-0.002,1.03,0,-0.03,0.03,29.9,31.27,-1.25,0.04,140.16
2021/10/13,34:51.9,47.25,32.625,130.625,0.025,-0.001,1.032,0,-0.061,-0.03,29.91,31.27,-1.46,-0.2,140.28
2021/10/13,34:52.9,45.75,33.75,131.5,0.025,-0.002,1.032,0,-0.03,0,29.91,31.27,-1.48,-0.23,140.31
2021/10/13,34:53.9,42,34.5,130.25,0.025,-0.002,1.033,-0.03,-0.061,0,29.91,31.29,-1.34,-0.06,140.23
2021/10/13,34:54.9,45.5,35,128.5,0.026,-0.003,1.032,0,-0.03,-0.061,29.93,31.28,-1.37,-0.1,140.23
2021/10/13,34:55.9,42.625,33.625,127.75,0.025,-0.002,1.032,0,-0.061,-0.03,29.91,31.28,-1.34,-0.06,140.21
2021/10/13,34:56.9,46.25,32.875,131.875,0.025,-0.002,1.031,-0.03,-0.091,-0.03,29.93,31.29,-1.47,-0.22,140.29
2021/10/13,34:57.9,43.375,30.875,133.375,0.025,-0.002,1.032,0,-0.122,0,29.92,31.27,-1.53,-0.29,140.33
2021/10/13,34:58.9,44.125,34.125,129.25,0.025,-0.001,1.032,0.03,-0.122,0,29.94,31.26,-1.46,-0.19,140.3
2021/10/13,34:59.9,43.25,32.625,129.25,0.025,-0.002,1.032,0,-0.091,0,29.95,31.27,-1.45,-0.18,140.3
2021/10/13,35:00.8,43.25,32,132.625,0.025,-0.003,1.032,0,-0.03,-0.091,29.94,31.25,-1.46,-0.21,140.32
2021/10/13,35:01.8,42.875,34.75,132.25,0.025,-0.003,1.032,0,-0.061,0,29.95,31.22,-1.35,-0.08,140.25
2021/10/13,35:02.8,44.5,32.625,134,0.024,-0.002,1.033,-0.061,-0.03,0.03,29.98,31.19,-1.41,-0.16,140.29
2021/10/13,35:03.8,43.25,33.875,125.375,0.026,-0.003,1.032,0.03,-0.061,-0.061,29.94,31.19,-1.38,-0.11,140.27
2021/10/13,35:04.8,46.25,31.75,130.25,0.025,-0.003,1.031,0.03,-0.061,-0.03,29.92,31.18,-1.53,-0.31,140.37
2021/10/13,35:05.8,40.75,32,130.5,0.024,-0.002,1.031,0.03,-0.091,-0.03,29.91,31.16,-1.42,-0.18,140.32
2021/10/13,35:06.8,44.875,33.25,130.625,0.025,-0.002,1.03,0,-0.061,0,29.94,31.17,-1.45,-0.2,140.34
2021/10/13,35:07.8,42.875,35.75,126.75,0.026,-0.003,1.032,0,-0.03,-0.061,29.97,31.17,-1.31,-0.03,140.25
2021/10/13,35:08.8,44.375,30.125,128.125,0.026,-0.002,1.031,-0.03,-0.061,0,29.95,31.16,-1.51,-0.27,140.36
2021/10/13,35:09.8,47.625,31.25,130.125,0.025,-0.001,1.031,0.061,-0.03,-0.061,29.94,31.17,-1.66,-0.45,140.49
2021/10/13,35:10.8,44.25,33.5,128.375,0.024,-0.002,1.031,0,-0.061,0,30,31.16,-1.55,-0.32,140.46
2021/10/13,35:11.8,45.625,32.75,132.875,0.026,-0.003,1.031,0,-0.122,0,29.98,31.17,-1.57,-0.34,140.49
2021/10/13,35:12.8,41.25,33,131.75,0.025,-0.002,1.033,-0.03,-0.091,0,30,31.16,-1.42,-0.17,140.42
2021/10/13,35:13.8,39.625,33.75,133.75,0.025,-0.002,1.031,-0.03,-0.061,-0.061,29.99,31.12,-1.25,0.04,140.31
2021/10/13,35:14.8,43.75,34.375,132.125,0.025,-0.002,1.032,0,-0.061,0,30.01,31.1,-1.27,0.02,140.3
2021/10/13,35:15.8,44.375,34.75,132.625,0.025,-0.001,1.032,0.061,-0.091,0,30.01,31.1,-1.28,0.02,140.3
2021/10/13,35:16.8,47.125,35.625,130.625,0.025,-0.002,1.031,0,-0.091,0,30,31.08,-1.35,-0.07,140.33
2021/10/13,35:17.8,47,30.125,129.375,0.026,-0.002,1.032,-0.061,-0.061,0,30,31.04,-1.6,-0.39,140.5
2021/10/13,35:18.8,42.875,32.625,127.125,0.026,-0.003,1.033,0,-0.091,-0.03,30.04,31.04,-1.53,-0.29,140.46
2021/10/13,35:19.8,42.5,33,129.875,0.025,-0.001,1.032,0,-0.061,0,30.03,31.04,-1.43,-0.17,140.43
2021/10/13,35:20.8,41.625,32.25,132.5,0.025,-0.002,1.032,0,-0.061,0,30.11,31.03,-1.39,-0.12,140.4
2021/10/13,35:21.8,45.625,33.125,132.75,0.023,-0.002,1.031,0,-0.061,0.03,30.08,31.02,-1.44,-0.2,140.45
2021/10/13,35:22.8,44,33.5,131,0.024,-0.002,1.033,-0.061,-0.061,0,30.12,31.02,-1.4,-0.16,140.44
2021/10/13,35:23.8,42.125,33,128.875,0.025,-0.002,1.032,0.03,-0.03,0,30.13,30.97,-1.35,-0.1,140.41
2021/10/13,35:24.8,45.625,31,131.875,0.024,-0.002,1.031,0.03,-0.03,0,30.13,30.99,-1.5,-0.29,140.51
2021/10/13,35:25.8,42.25,33.5,130,0.025,-0.003,1.031,0,-0.091,0.03,30.12,30.96,-1.39,-0.16,140.45
2021/10/13,35:26.8,41.875,30.875,129.875,0.025,-0.004,1.031,0,-0.061,0,30.11,30.97,-1.42,-0.2,140.47
2021/10/13,35:27.8,41.75,30.25,129.625,0.024,-0.003,1.031,0.061,-0.061,0,30.17,30.95,-1.45,-0.24,140.5
2021/10/13,35:28.8,41.75,33.125,131,0.025,-0.001,1.032,0.03,-0.122,-0.03,30.17,30.93,-1.36,-0.11,140.45
2021/10/13,35:29.7,44.875,33,125.375,0.025,-0.002,1.033,0.03,-0.091,0.03,30.15,30.92,-1.43,-0.18,140.49
2021/10/13,35:30.7,44.625,32.875,130.75,0.025,-0.001,1.032,-0.03,-0.091,0.03,30.16,30.92,-1.46,-0.2,140.51
2021/10/13,35:31.7,45.375,32.125,131.25,0.025,-0.003,1.033,0.03,-0.03,0,30.17,30.91,-1.52,-0.29,140.57
2021/10/13,35:32.7,46.375,35.125,132.125,0.025,-0.002,1.033,0,-0.122,0,30.18,30.9,-1.47,-0.23,140.55
2021/10/13,35:33.7,43.5,32.875,129.25,0.026,-0.003,1.032,0.061,-0.091,0,30.18,30.87,-1.45,-0.2,140.54
2021/10/13,35:34.7,47.125,33.125,126.25,0.025,-0.002,1.031,0.061,-0.061,0.03,30.18,30.86,-1.55,-0.3,140.62
2021/10/13,35:35.7,41.875,34.375,131,0.025,-0.003,1.03,0.03,-0.061,-0.03,30.17,30.82,-1.37,-0.09,140.52
2021/10/13,35:36.7,45,35,131.25,0.025,-0.002,1.033,0.061,-0.091,0.03,30.17,30.84,-1.34,-0.07,140.5
2021/10/13,35:37.7,42.25,31.875,129.25,0.024,-0.002,1.03,0,-0.061,-0.03,30.15,30.83,-1.36,-0.09,140.51
2021/10/13,35:38.7,48.375,32.625,129.75,0.024,-0.004,1.031,0.061,-0.091,0,30.18,30.83,-1.53,-0.33,140.64
2021/10/13,35:39.7,43.875,33,133.5,0.025,-0.003,1.033,0.03,-0.03,0,30.19,30.83,-1.48,-0.26,140.62
2021/10/13,35:40.7,44.5,31.5,133.625,0.026,-0.002,1.031,0,-0.061,-0.03,30.22,30.84,-1.53,-0.3,140.66
2021/10/13,35:41.7,46.875,33.25,129.125,0.024,-0.003,1.031,0.03,-0.03,-0.03,30.19,30.84,-1.56,-0.35,140.7
2021/10/13,35:42.7,42.125,29.875,131,0.025,-0.003,1.032,0.03,-0.061,-0.03,30.22,30.83,-1.56,-0.36,140.72
2021/10/13,35:43.7,46.625,28.875,134,0.025,-0.002,1.031,0,-0.03,0.03,30.2,30.82,-1.72,-0.57,140.86
2021/10/13,35:44.7,40.25,29.125,131.25,0.025,-0.003,1.031,0,-0.091,0.061,30.2,30.82,-1.62,-0.44,140.84
2021/10/13,35:45.7,42,32.125,132.375,0.025,-0.002,1.031,0.091,-0.091,0,30.19,30.85,-1.49,-0.27,140.79
2021/10/13,35:46.7,41.875,34.875,128.125,0.025,-0.002,1.031,0,-0.03,0,30.21,30.83,-1.3,-0.05,140.68
2021/10/13,35:47.7,40.625,30.875,130.5,0.025,-0.003,1.034,0,-0.03,0.03,30.22,30.84,-1.31,-0.07,140.67
2021/10/13,35:48.7,43.75,30.125,133.375,0.025,-0.002,1.032,0.061,-0.091,0.03,30.19,30.83,-1.45,-0.23,140.75
2021/10/13,35:49.7,45,31.5,130.875,0.026,-0.002,1.032,0,0.03,-0.03,30.2,30.83,-1.52,-0.3,140.8
2021/10/13,35:50.7,43.25,35.125,129.75,0.026,-0.002,1.031,0,-0.03,-0.03,30.19,30.81,-1.36,-0.11,140.71
2021/10/13,35:51.7,41.875,33.25,128,0.024,-0.003,1.032,0.03,-0.091,-0.03,30.18,30.83,-1.29,-0.03,140.66
2021/10/13,35:52.7,44.875,32.5,129.125,0.025,-0.003,1.031,0.03,-0.03,0,30.17,30.8,-1.38,-0.15,140.71
2021/10/13,35:53.6,44.375,36.875,129.5,0.025,-0.002,1.03,0,-0.091,-0.03,30.18,30.81,-1.24,0.02,140.62
2021/10/13,35:54.7,45.875,34.25,131.375,0.025,-0.002,1.032,-0.03,-0.061,-0.061,30.19,30.81,-1.33,-0.06,140.65
2021/10/13,35:55.6,42.25,35.125,130.125,0.024,-0.003,1.031,0.03,-0.061,0,30.17,30.8,-1.21,0.06,140.56
2021/10/13,35:56.6,43.5,33,133,0.025,-0.003,1.031,-0.03,-0.03,-0.03,30.16,30.77,-1.27,-0.02,140.58
2021/10/13,35:57.6,44.625,30.625,129.75,0.024,-0.003,1.032,0.03,-0.03,0,30.17,30.8,-1.43,-0.23,140.68
2021/10/13,35:58.6,45.625,31.375,132.25,0.025,-0.002,1.032,0,0,-0.03,30.17,30.8,-1.52,-0.34,140.75
2021/10/13,35:59.6,45.625,35,127.75,0.026,-0.002,1.031,0.061,-0.03,-0.03,30.13,30.79,-1.45,-0.22,140.71
2021/10/13,36:00.6,44.625,35.125,131.75,0.026,-0.003,1.032,0,-0.091,0.03,30.15,30.8,-1.38,-0.12,140.66
2021/10/13,36:01.6,43.25,33.375,131.375,0.025,-0.002,1.031,0,-0.061,0.061,30.14,30.78,-1.36,-0.08,140.64
2021/10/13,36:02.6,43.125,35.75,130.125,0.025,-0.003,1.031,0,-0.122,-0.03,30.16,30.78,-1.24,0.05,140.56
2021/10/13,36:03.6,43.75,32.625,129.375,0.025,-0.002,1.03,0,0,0,30.14,30.8,-1.32,-0.04,140.59
2021/10/13,36:04.6,44,34,130.625,0.025,-0.002,1.031,0.03,-0.091,0.03,30.13,30.81,-1.32,-0.04,140.58
2021/10/13,36:05.6,43.125,30.875,133.75,0.025,-0.003,1.032,0.03,-0.091,-0.061,30.18,30.82,-1.42,-0.16,140.63
2021/10/13,36:06.6,43.125,33.625,129.625,0.026,-0.001,1.03,0,-0.061,-0.03,30.11,30.82,-1.37,-0.08,140.59
2021/10/13,36:07.6,41.5,32.125,133.5,0.025,-0.003,1.031,0,-0.03,0,30.11,30.83,-1.35,-0.05,140.57
2021/10/13,36:08.6,46.625,34.125,127.875,0.026,-0.002,1.031,-0.03,-0.061,0,30.11,30.87,-1.43,-0.15,140.62
2021/10/13,36:09.6,46.25,32.125,129.75,0.025,-0.002,1.031,0,-0.061,0,30.1,30.84,-1.54,-0.28,140.7
2021/10/13,36:10.6,45.375,34,125.625,0.025,-0.001,1.031,-0.03,-0.03,0.061,30.09,30.88,-1.49,-0.23,140.69
2021/10/13,36:11.6,44.875,30.75,130.875,0.024,-0.002,1.031,0,-0.061,-0.03,30.05,30.87,-1.57,-0.34,140.76
2021/10/13,36:12.6,44.75,30.25,132.5,0.024,-0.003,1.03,0,-0.091,-0.03,30.02,30.89,-1.63,-0.42,140.82
2021/10/13,36:13.6,43.375,36,129.75,0.025,-0.002,1.031,0,-0.03,-0.03,30.03,30.92,-1.39,-0.14,140.69
2021/10/13,36:14.6,45,31.125,130.125,0.025,-0.002,1.031,0.061,-0.122,0,30.03,30.93,-1.5,-0.28,140.77
2021/10/13,36:15.6,44.75,34.125,132.875,0.025,-0.003,1.03,0.03,-0.03,-0.03,29.99,30.93,-1.44,-0.2,140.74
2021/10/13,36:16.6,44,35.75,132,0.024,-0.003,1.031,0.03,-0.091,0,30.02,30.97,-1.3,-0.04,140.66
2021/10/13,36:17.6,45.5,34,130,0.026,-0.001,1.032,0,-0.091,-0.03,30.01,30.98,-1.37,-0.09,140.68
2021/10/13,36:18.6,44.875,30.625,130.625,0.024,-0.003,1.032,0,-0.061,0,30.02,31.01,-1.5,-0.27,140.77
2021/10/13,36:19.6,43.5,34.125,129.875,0.025,-0.002,1.032,-0.03,-0.061,-0.03,30.02,31.04,-1.4,-0.15,140.71
2021/10/13,36:20.6,44,32.25,128.25,0.026,-0.001,1.031,0.03,-0.061,0.03,29.95,31.03,-1.44,-0.17,140.74
2021/10/13,36:21.6,43.125,35.875,127.25,0.025,-0.002,1.031,0.03,-0.03,-0.03,29.97,31.04,-1.28,0.02,140.64
2021/10/13,36:22.6,41,37,125.75,0.025,-0.002,1.032,0.03,-0.061,-0.03,30.01,31.06,-1.06,0.27,140.48
2021/10/13,36:23.6,43.125,31.625,134,0.024,-0.003,1.032,0,-0.061,-0.061,29.95,31.04,-1.22,0.05,140.54
2021/10/13,36:24.6,44.25,32.625,129.375,0.024,-0.002,1.031,0.03,-0.091,0.03,30.01,31.03,-1.32,-0.07,140.59
2021/10/13,36:25.6,44.25,28.625,131.25,0.025,-0.003,1.03,0,-0.091,0,29.98,31.01,-1.53,-0.35,140.72
2021/10/13,36:26.6,45.125,35.125,130.875,0.026,-0.003,1.032,0,-0.091,-0.03,30.03,31.03,-1.44,-0.22,140.66
2021/10/13,36:27.6,44.375,33.125,128.75,0.025,-0.002,1.032,0.03,-0.061,0,30.07,31.04,-1.44,-0.2,140.66
2021/10/13,36:28.5,47.375,34.375,126.625,0.024,-0.001,1.032,0,-0.03,0.061,30.04,31.04,-1.48,-0.24,140.71
2021/10/13,36:29.5,44.25,33.25,129.75,0.025,-0.003,1.031,-0.03,-0.122,0,30.04,31.02,-1.46,-0.2,140.7
2021/10/13,36:30.5,43.25,35.625,128.125,0.025,-0.002,1.031,-0.03,-0.122,-0.061,30.06,31,-1.31,-0.03,140.6
2021/10/13,36:31.5,40.375,35.875,130.75,0.025,-0.002,1.032,0,-0.061,-0.03,30.06,31.01,-1.11,0.2,140.47
2021/10/13,36:32.5,45.875,31.875,131,0.025,-0.003,1.031,-0.03,-0.061,-0.061,30.08,30.99,-1.33,-0.1,140.58
2021/10/13,36:33.5,43.25,33.875,132.25,0.025,-0.003,1.033,0.03,-0.03,0.03,30.05,30.98,-1.3,-0.06,140.55
2021/10/13,36:34.5,41.625,35.625,126.875,0.025,-0.002,1.033,0,-0.091,-0.061,30.1,30.97,-1.16,0.12,140.45
2021/10/13,36:35.5,45.875,33,130.5,0.025,-0.002,1.032,0,-0.091,0,30.12,30.97,-1.33,-0.08,140.53
2021/10/13,36:36.5,44.875,32.75,126.25,0.025,-0.002,1.032,-0.061,-0.091,-0.03,30.13,30.95,-1.41,-0.17,140.57
2021/10/13,36:37.5,45.875,34.125,132.875,0.026,-0.002,1.033,-0.03,-0.061,-0.03,30.15,30.91,-1.44,-0.18,140.58
2021/10/13,36:38.5,43.75,30.125,124,0.025,-0.003,1.032,0,-0.03,-0.061,30.13,30.91,-1.55,-0.33,140.66
2021/10/13,36:39.5,43.125,30.75,128.375,0.026,-0.002,1.032,0,-0.091,-0.03,30.14,30.89,-1.57,-0.34,140.69
2021/10/13,36:40.4,43.625,33,126.625,0.025,-0.003,1.034,-0.03,-0.03,-0.03,30.16,30.89,-1.5,-0.25,140.66
2021/10/13,36:41.4,46.5,31.625,128.125,0.025,-0.003,1.031,0,-0.091,0,30.17,30.85,-1.6,-0.39,140.75
2021/10/13,36:42.4,46.125,31.75,130,0.025,-0.003,1.032,0,-0.03,0,30.18,30.83,-1.63,-0.44,140.8
2021/10/13,36:43.4,45,32.25,133,0.024,-0.002,1.032,0,0,0.03,30.17,30.83,-1.58,-0.39,140.81
2021/10/13,36:44.4,43.375,33.75,128.875,0.025,-0.003,1.031,0,-0.091,-0.03,30.19,30.84,-1.45,-0.24,140.75
2021/10/13,36:45.4,45,30.875,131.25,0.025,-0.003,1.032,-0.061,-0.091,0,30.2,30.8,-1.54,-0.36,140.82
2021/10/13,36:46.4,45.375,30.75,130.625,0.026,-0.002,1.032,0,-0.061,0,30.2,30.82,-1.62,-0.43,140.88
2021/10/13,36:47.4,40.375,35.25,128,0.025,-0.003,1.031,-0.061,-0.091,-0.091,30.2,30.81,-1.3,-0.07,140.71
2021/10/13,36:48.4,46.875,32,129.5,0.025,-0.002,1.032,-0.03,-0.091,-0.03,30.2,30.78,-1.47,-0.26,140.81
2021/10/13,36:49.4,44.375,32.125,129.5,0.024,-0.003,1.031,-0.03,-0.061,0.03,30.25,30.78,-1.47,-0.28,140.83
2021/10/13,36:50.4,47,33.125,133.75,0.025,-0.003,1.031,0.061,-0.03,0,30.22,30.75,-1.52,-0.33,140.88
2021/10/13,36:51.4,40.625,35.625,127.5,0.025,-0.002,1.032,0.061,-0.122,-0.03,30.22,30.76,-1.23,0.01,140.71
2021/10/13,36:52.4,42.5,30.875,130.25,0.024,-0.004,1.031,0,-0.03,-0.03,30.19,30.76,-1.33,-0.11,140.75
2021/10/13,36:53.4,42.75,35.375,128.375,0.024,-0.003,1.032,0,-0.091,0,30.2,30.76,-1.2,0.02,140.67
2021/10/13,36:54.4,43.5,31.125,132.375,0.024,-0.003,1.031,0.03,-0.061,-0.03,30.19,30.76,-1.33,-0.13,140.72
2021/10/13,36:55.4,43.25,30.5,131.625,0.025,-0.001,1.031,0.03,-0.061,0,30.2,30.77,-1.42,-0.21,140.78
2021/10/13,36:56.4,48.75,33.375,133.75,0.026,-0.002,1.031,0.03,0,-0.061,30.19,30.78,-1.55,-0.34,140.86
2021/10/13,36:57.4,45.125,34.375,130.625,0.025,-0.002,1.032,-0.03,-0.03,0.03,30.22,30.76,-1.46,-0.24,140.82
2021/10/13,36:58.4,41.625,34.25,131,0.026,-0.003,1.033,0,-0.061,-0.03,30.2,30.77,-1.31,-0.05,140.73
2021/10/13,36:59.4,45.875,32.125,130,0.026,-0.001,1.031,0,-0.03,-0.061,30.15,30.78,-1.45,-0.19,140.8
2021/10/13,37:00.4,45.125,36,131.25,0.024,-0.001,1.031,0.03,-0.091,0,30.2,30.76,-1.34,-0.05,140.74
2021/10/13,37:01.4,44.375,35.375,129.875,0.024,-0.003,1.031,0.03,-0.03,-0.03,30.18,30.77,-1.27,0,140.69
2021/10/13,37:02.4,43.875,33.625,130.75,0.025,-0.001,1.034,-0.03,-0.091,-0.03,30.17,30.79,-1.3,-0.01,140.69
2021/10/13,37:03.4,44.75,31.625,124.25,0.024,-0.003,1.032,0.061,-0.091,-0.03,30.17,30.78,-1.42,-0.17,140.77
2021/10/13,37:04.3,43,30.5,131,0.026,-0.002,1.032,0.03,-0.061,0,30.21,30.77,-1.49,-0.24,140.81
2021/10/13,37:05.3,42.75,32.375,129.875,0.025,-0.001,1.032,0.03,-0.091,0,30.2,30.78,-1.44,-0.16,140.78
2021/10/13,37:06.3,46,33.875,129.25,0.025,-0.002,1.032,-0.03,-0.03,-0.03,30.2,30.8,-1.46,-0.18,140.8
2021/10/13,37:07.3,42.125,34.375,126.25,0.025,-0.002,1.031,0.03,-0.091,-0.061,30.19,30.79,-1.32,-0.01,140.71
2021/10/13,37:08.3,46.125,31.5,128.875,0.025,-0.002,1.031,-0.03,-0.091,-0.03,30.2,30.8,-1.48,-0.22,140.81
2021/10/13,37:09.3,42.75,32.5,135.75,0.025,-0.002,1.031,-0.03,-0.091,-0.03,30.17,30.79,-1.42,-0.15,140.79
2021/10/13,37:10.3,45.125,33.75,127.875,0.025,-0.003,1.032,0,-0.03,-0.03,30.17,30.79,-1.42,-0.16,140.79
2021/10/13,37:11.3,42.25,37.25,124.125,0.025,-0.002,1.032,0.03,-0.03,-0.061,30.19,30.78,-1.17,0.13,140.62
2021/10/13,37:12.3,42.125,36.125,126,0.025,-0.003,1.031,0.03,-0.061,0,30.18,30.77,-1.08,0.23,140.53
2021/10/13,37:13.3,46.5,31.5,130.125,0.025,-0.003,1.03,0,-0.122,-0.061,30.14,30.78,-1.35,-0.12,140.67
2021/10/13,37:14.3,45.75,35,129.25,0.025,-0.003,1.032,0,-0.091,-0.03,30.16,30.78,-1.35,-0.11,140.66
2021/10/13,37:15.3,41.25,33.5,130.375,0.025,-0.003,1.031,0,-0.03,-0.03,30.12,30.78,-1.26,0,140.6
2021/10/13,37:16.3,45.125,35.5,126.75,0.024,-0.002,1.03,0,-0.061,0,30.16,30.77,-1.26,0.01,140.58
2021/10/13,37:17.3,41,31.625,129.875,0.025,-0.002,1.031,0.03,-0.122,-0.03,30.1,30.79,-1.29,-0.01,140.57
2021/10/13,37:18.3,46.125,35.5,130.875,0.025,-0.002,1.031,0,0,-0.03,30.13,30.81,-1.31,-0.03,140.57
2021/10/13,37:19.3,42.125,32.5,131.875,0.026,-0.001,1.031,0.061,-0.091,0.03,30.12,30.82,-1.32,-0.02,140.56
2021/10/13,37:20.3,42.375,30.125,132.125,0.025,-0.002,1.03,-0.03,-0.061,-0.03,30.11,30.85,-1.43,-0.15,140.61
2021/10/13,37:21.3,41.875,34.5,126.625,0.025,-0.002,1.033,0,-0.061,-0.03,30.14,30.87,-1.29,0.01,140.53
2021/10/13,37:22.3,41.375,33.5,130.125,0.025,-0.003,1.032,0.03,-0.061,-0.03,30.15,30.87,-1.24,0.06,140.48
2021/10/13,37:23.3,43.875,34.875,133.25,0.024,-0.003,1.031,0,-0.091,-0.03,30.11,30.85,-1.23,0.06,140.46
2021/10/13,37:24.3,43.75,30.375,131.25,0.025,-0.002,1.033,0.061,-0.061,0,30.15,30.85,-1.41,-0.15,140.55
2021/10/13,37:25.2,41.875,32.5,122.25,0.024,-0.002,1.032,0.03,-0.091,-0.03,30.15,30.86,-1.36,-0.09,140.52
2021/10/13,37:26.2,44.25,33,130.375,0.025,-0.003,1.031,0.03,-0.03,0,30.21,30.85,-1.39,-0.14,140.54
2021/10/13,37:27.2,44,31.5,130.375,0.025,-0.004,1.032,-0.03,-0.122,-0.061,30.22,30.87,-1.47,-0.25,140.59
2021/10/13,37:28.2,45.75,35.75,131.375,0.026,-0.002,1.032,0,-0.061,0,30.2,30.87,-1.41,-0.15,140.55
2021/10/13,37:29.2,44.875,30,130.25,0.025,-0.001,1.032,0.03,-0.091,-0.061,30.18,30.86,-1.56,-0.33,140.65
2021/10/13,37:30.2,43.375,34.125,124,0.024,-0.003,1.032,0,-0.061,0,30.2,30.82,-1.43,-0.19,140.59
2021/10/13,37:31.2,45.375,33.625,129.5,0.024,-0.001,1.031,0,-0.03,0,30.18,30.81,-1.44,-0.19,140.6
2021/10/13,37:32.2,42.125,33.125,129.5,0.025,-0.002,1.032,0,-0.061,-0.03,30.2,30.81,-1.37,-0.1,140.56
2021/10/13,37:33.2,39.75,34.75,129.875,0.025,-0.002,1.033,0.03,-0.03,0,30.22,30.81,-1.17,0.13,140.43
2021/10/13,37:34.2,42.5,34.75,127.875,0.026,-0.001,1.032,0,-0.091,-0.03,30.21,30.82,-1.17,0.16,140.39
2021/10/13,37:35.2,43.25,37.125,129.75,0.026,-0.002,1.033,0,-0.122,0,30.25,30.8,-1.1,0.25,140.31
2021/10/13,37:36.2,43.75,34.25,131.5,0.026,-0.001,1.033,0,-0.061,0,30.23,30.79,-1.2,0.16,140.32
2021/10/13,37:37.2,43.375,32.25,132.375,0.025,-0.002,1.032,-0.03,-0.091,0,30.2,30.81,-1.32,0.02,140.37
2021/10/13,37:38.2,41.875,34.875,123.875,0.025,-0.002,1.031,0.061,-0.061,-0.091,30.23,30.77,-1.24,0.12,140.29
2021/10/13,37:39.2,44.125,35.875,130.625,0.025,-0.002,1.032,0,-0.091,0,30.21,30.78,-1.22,0.14,140.26
2021/10/13,37:40.2,42.875,33.375,127,0.026,-0.001,1.032,0.061,-0.03,0,30.2,30.76,-1.28,0.08,140.27
2021/10/13,37:41.2,43,32.25,131.75,0.026,-0.002,1.032,-0.03,-0.091,-0.061,30.28,30.77,-1.36,-0.03,140.3
2021/10/13,37:42.2,42,34.125,128.375,0.025,-0.002,1.032,0,-0.061,0,30.3,30.73,-1.29,0.04,140.25
2021/10/13,37:43.2,42.25,34.375,127.125,0.025,-0.001,1.033,0,-0.061,0,30.25,30.73,-1.26,0.09,140.21
2021/10/13,37:44.2,45.75,34.5,131,0.026,-0.002,1.031,-0.03,-0.091,0.03,30.2,30.72,-1.36,-0.02,140.25
2021/10/13,37:45.2,44.125,33.875,130.125,0.025,-0.001,1.033,0,-0.061,-0.061,30.22,30.7,-1.37,-0.04,140.25
2021/10/13,37:46.2,43.25,34.25,132,0.024,-0.001,1.032,0.03,-0.061,-0.03,30.19,30.71,-1.33,0,140.23
2021/10/13,37:47.2,46.125,31.75,126.25,0.027,0,1.032,0,-0.091,-0.03,30.2,30.71,-1.54,-0.21,140.34
2021/10/13,37:48.2,41.125,34.125,128.25,0.025,-0.001,1.033,0.061,-0.061,0,30.21,30.71,-1.37,-0.01,140.25
2021/10/13,37:49.2,40.25,34.375,126.75,0.025,-0.002,1.031,0.03,-0.091,0,30.19,30.73,-1.24,0.14,140.16
2021/10/13,37:50.2,41.375,33,125.875,0.026,-0.002,1.032,0.03,-0.091,-0.03,30.18,30.75,-1.27,0.11,140.15
2021/10/13,37:51.2,43.5,31.875,126.5,0.026,-0.001,1.032,0,-0.061,0,30.16,30.75,-1.41,-0.05,140.22
2021/10/13,37:52.2,45.125,34.5,128.75,0.025,-0.002,1.032,-0.03,-0.061,0,30.18,30.74,-1.42,-0.08,140.23
2021/10/13,37:53.2,44.75,33.5,129,0.024,0,1.031,0,-0.061,0,30.14,30.74,-1.45,-0.11,140.25
2021/10/13,37:54.2,46.125,32.625,127.875,0.025,-0.003,1.031,0.03,-0.061,-0.061,30.13,30.76,-1.54,-0.26,140.32
2021/10/13,37:55.2,46.125,35.625,130.25,0.026,-0.002,1.03,0.061,-0.03,0,30.15,30.78,-1.49,-0.18,140.3
2021/10/13,37:56.2,44,33.375,129.875,0.025,-0.001,1.03,0.03,-0.061,0,30.13,30.79,-1.47,-0.15,140.3
2021/10/13,37:57.2,43.625,33.5,126,0.025,-0.002,1.031,0.03,0,0,30.11,30.8,-1.44,-0.13,140.29
2021/10/13,37:58.1,43,31,130,0.025,-0.002,1.031,0,-0.061,-0.061,30.07,30.83,-1.51,-0.2,140.33
2021/10/13,37:59.1,45.5,36.125,127.375,0.026,-0.001,1.031,0,-0.091,-0.03,30.12,30.84,-1.43,-0.1,140.28
2021/10/13,38:00.1,45.75,36.75,130.75,0.026,-0.003,1.032,0,-0.091,-0.061,30.11,30.89,-1.37,-0.03,140.23
2021/10/13,38:01.1,44.75,33.5,128.5,0.025,-0.002,1.03,0.091,-0.091,-0.03,30.07,30.88,-1.42,-0.1,140.26
2021/10/13,38:02.1,43.5,33.5,129.625,0.026,-0.002,1.031,0,-0.091,0.061,30.08,30.89,-1.43,-0.09,140.26
2021/10/13,38:03.1,41.5,33.375,131.5,0.025,-0.001,1.031,0,-0.091,-0.061,30.06,30.89,-1.35,0,140.21
2021/10/13,38:04.1,46.625,34.375,126.875,0.025,-0.001,1.03,0,-0.122,0.03,30.04,30.92,-1.44,-0.1,140.27
2021/10/13,38:05.1,42.625,33.875,135.125,0.026,-0.001,1.031,-0.03,-0.03,0,30.05,30.92,-1.38,-0.02,140.23
2021/10/13,38:06.1,46.625,34.5,131.125,0.025,-0.002,1.031,0.03,-0.061,0,30.04,30.93,-1.45,-0.11,140.28
2021/10/13,38:07.1,43.125,30.5,129.125,0.026,-0.001,1.031,-0.061,-0.061,-0.03,30.02,30.93,-1.54,-0.23,140.34
2021/10/13,38:08.1,45.625,36,128,0.024,-0.002,1.031,0,-0.061,-0.03,30.02,30.97,-1.44,-0.13,140.29
2021/10/13,38:09.1,44.375,34.375,125.375,0.025,-0.002,1.031,0.03,0,0,30.03,30.94,-1.42,-0.11,140.28
2021/10/13,38:10.1,40.5,32.75,125,0.025,-0.002,1.031,-0.03,-0.122,0,29.98,30.97,-1.33,-0.01,140.23
2021/10/13,38:11.1,42.625,32.375,130.875,0.025,-0.003,1.03,0,-0.061,0.03,29.95,31,-1.37,-0.07,140.24
2021/10/13,38:12.1,46.75,34.25,129.375,0.025,-0.002,1.031,0.061,-0.061,0,29.99,31.01,-1.46,-0.17,140.3
2021/10/13,38:13.1,43.125,33.375,127.5,0.025,-0.002,1.03,0,-0.061,0,29.96,31.01,-1.42,-0.12,140.28
2021/10/13,38:14.1,42.5,31.125,128.875,0.025,-0.001,1.03,-0.03,-0.061,-0.03,29.96,31.04,-1.47,-0.17,140.31
2021/10/13,38:15.1,43.5,32.625,129.625,0.025,-0.001,1.031,0,-0.152,0,30,31.03,-1.47,-0.17,140.32
2021/10/13,38:16.1,42,31.875,127.25,0.025,-0.002,1.031,-0.03,-0.091,0.03,29.99,31.04,-1.45,-0.15,140.32
2021/10/13,38:17.1,45.125,40.625,123.125,0.025,-0.002,1.031,0.03,-0.061,-0.061,29.98,31.04,-1.19,0.14,140.13
2021/10/13,38:18.1,44.625,32,125.875,0.025,-0.001,1.031,0,-0.061,0,29.95,31.07,-1.36,-0.08,140.22
2021/10/13,38:19.1,42.75,32.125,127.25,0.026,-0.003,1.031,-0.03,-0.061,-0.03,29.94,31.07,-1.41,-0.14,140.24
2021/10/13,38:20.1,44.75,31.75,125,0.026,-0.002,1.031,0.061,-0.122,0,29.98,31.08,-1.53,-0.27,140.31
2021/10/13,38:21.0,41.75,31.5,123.875,0.024,-0.002,1.032,0,-0.061,-0.03,29.96,31.09,-1.48,-0.23,140.31
2021/10/13,38:22.0,45.25,33.75,124.5,0.024,-0.002,1.031,-0.03,-0.03,0,29.94,31.11,-1.47,-0.23,140.33
2021/10/13,38:23.0,41.25,34.375,129.625,0.024,-0.002,1.032,0,-0.091,-0.03,30.02,31.09,-1.3,-0.04,140.23
2021/10/13,38:24.0,41.375,34.375,131.375,0.024,-0.003,1.032,0.03,-0.091,-0.061,29.98,31.11,-1.21,0.05,140.17
2021/10/13,38:25.0,43,34,126.375,0.025,-0.002,1.032,0,-0.03,0,30.04,31.11,-1.24,0.02,140.16
2021/10/13,38:26.0,42.375,33,129.375,0.025,-0.003,1.032,0,0,-0.061,30.02,31.07,-1.27,-0.02,140.16
2021/10/13,38:27.0,42.75,34.875,128.75,0.025,-0.003,1.032,0.03,-0.091,-0.03,30.08,31.05,-1.23,0.03,140.12
2021/10/13,38:28.0,45.125,32.875,131.25,0.024,-0.002,1.032,0,-0.122,-0.03,30.06,31.04,-1.36,-0.12,140.18
2021/10/13,38:29.0,41.75,35.75,131,0.024,-0.003,1.032,0.03,-0.061,0,30.1,31.03,-1.2,0.05,140.08
2021/10/13,38:30.0,42.5,34.375,130.375,0.024,-0.001,1.032,0,-0.091,-0.03,30.1,31.02,-1.2,0.07,140.06
2021/10/13,38:31.0,44.875,30.375,129.375,0.024,-0.003,1.032,0,-0.061,-0.03,30.13,31,-1.43,-0.24,140.19
2021/10/13,38:32.0,45,34.25,131.5,0.025,-0.003,1.031,0.03,-0.091,0,30.07,30.99,-1.43,-0.22,140.19
2021/10/13,38:33.0,40.75,34.125,129.75,0.024,-0.003,1.032,0,-0.091,0,30.14,30.98,-1.27,-0.05,140.1
2021/10/13,38:33.9,41,36.5,125,0.025,-0.002,1.031,-0.03,-0.122,0,30.13,30.95,-1.1,0.17,139.97
2021/10/13,38:34.9,43.625,36.5,129.125,0.024,-0.002,1.032,0,-0.061,0,30.13,30.93,-1.1,0.18,139.93
2021/10/13,38:35.9,45.375,33.5,130.75,0.025,-0.003,1.031,0,-0.061,-0.03,30.12,30.94,-1.28,-0.04,140.01
2021/10/13,38:37.0,43.625,37.125,129.25,0.024,-0.001,1.031,0,-0.091,0.03,30.12,30.91,-1.17,0.1,139.93
2021/10/13,38:37.9,39,34.625,122.5,0.025,-0.002,1.032,-0.03,-0.061,0,30.12,30.91,-1.06,0.23,139.83
2021/10/13,38:38.9,45.625,32.125,128.375,0.024,-0.002,1.031,0,-0.061,-0.03,30.14,30.91,-1.31,-0.09,139.96
2021/10/13,38:39.9,44.75,33.875,129.5,0.025,-0.002,1.032,0,-0.061,0,30.14,30.89,-1.37,-0.14,139.99
2021/10/13,38:40.9,41.75,33.5,128.625,0.025,-0.002,1.032,0.061,-0.03,-0.03,30.14,30.9,-1.32,-0.06,139.95
2021/10/13,38:41.9,43.125,34.875,131.125,0.026,-0.002,1.032,0.03,-0.061,0,30.09,30.89,-1.29,-0.01,139.92
2021/10/13,38:42.9,44.75,38.125,126,0.026,-0.002,1.032,-0.03,-0.061,-0.061,30.11,30.87,-1.2,0.1,139.83
2021/10/13,38:43.9,43.75,32.5,132.25,0.025,-0.003,1.031,0,-0.03,-0.03,30.1,30.89,-1.34,-0.06,139.89
2021/10/13,38:44.9,43.25,28.75,129.875,0.025,-0.001,1.033,0.061,-0.122,0.03,30.15,30.87,-1.54,-0.3,140.02
2021/10/13,38:45.9,45,35.5,126.375,0.025,-0.002,1.032,-0.03,-0.061,0.061,30.14,30.89,-1.46,-0.2,139.98
2021/10/13,38:46.9,42.375,33.5,125.875,0.025,-0.002,1.031,0.03,-0.061,0,30.12,30.89,-1.4,-0.13,139.95
2021/10/13,38:47.9,44.5,31.875,131.125,0.025,-0.003,1.031,0,-0.122,0,30.14,30.87,-1.5,-0.26,140.02
2021/10/13,38:48.9,44.125,32.25,132.125,0.024,-0.002,1.031,0.03,-0.061,-0.03,30.17,30.87,-1.52,-0.29,140.05
2021/10/13,38:49.9,44.125,36.375,126.75,0.024,-0.002,1.032,0.03,-0.061,0.03,30.16,30.85,-1.37,-0.12,139.97
2021/10/13,38:50.9,43.875,31.375,124.75,0.025,-0.004,1.031,0.061,-0.091,-0.03,30.15,30.85,-1.48,-0.27,140.05
2021/10/13,38:51.8,39.25,33.875,126.875,0.025,-0.003,1.031,0,-0.03,0.03,30.16,30.88,-1.27,-0.04,139.93
2021/10/13,38:52.8,43.875,33.625,130.125,0.025,-0.003,1.031,0.03,-0.091,-0.061,30.19,30.87,-1.33,-0.11,139.95
2021/10/13,38:53.9,41.75,32.125,127.625,0.025,-0.003,1.031,0.03,-0.061,0,30.18,30.85,-1.36,-0.13,139.96
2021/10/13,38:54.8,44.375,35.75,125.5,0.025,-0.002,1.031,-0.03,-0.091,-0.03,30.18,30.83,-1.32,-0.07,139.92
2021/10/13,38:55.8,44.5,32.625,131,0.025,-0.003,1.031,-0.03,-0.061,0,30.18,30.83,-1.42,-0.19,139.98
2021/10/13,38:56.8,43.875,36.875,130,0.025,-0.001,1.032,0.03,-0.091,-0.061,30.2,30.83,-1.28,-0.02,139.89
2021/10/13,38:57.8,47.875,31.125,131.375,0.025,-0.003,1.032,0,-0.091,-0.03,30.24,30.83,-1.55,-0.38,140.07
2021/10/13,38:58.8,44.25,34.375,133,0.025,-0.002,1.032,0.03,-0.122,0,30.23,30.82,-1.48,-0.26,140.03
2021/10/13,38:59.8,42.25,36.5,125.625,0.025,-0.001,1.032,0.03,-0.03,-0.03,30.27,30.82,-1.28,-0.01,139.91
2021/10/13,39:00.8,43.375,31.875,130.125,0.025,-0.003,1.032,0,-0.03,0.03,30.27,30.81,-1.39,-0.15,139.96
2021/10/13,39:01.8,44.5,34.625,126.875,0.025,-0.001,1.032,0.03,-0.091,0,30.26,30.81,-1.39,-0.12,139.96
2021/10/13,39:02.8,45.25,30.75,130.75,0.025,-0.002,1.032,-0.03,-0.03,0.03,30.24,30.82,-1.56,-0.33,140.07
2021/10/13,39:03.8,42.625,34.5,125.875,0.023,-0.003,1.031,0.03,-0.03,-0.03,30.3,30.8,-1.4,-0.17,140
2021/10/13,39:04.8,41.875,35,125.25,0.025,-0.003,1.032,0,-0.061,0.03,30.25,30.79,-1.28,-0.04,139.93
2021/10/13,39:05.8,46.125,33.375,132.75,0.025,-0.003,1.032,-0.061,0,-0.061,30.28,30.78,-1.41,-0.2,140
2021/10/13,39:06.8,42.25,35.5,131.125,0.024,-0.003,1.032,0.061,-0.091,0,30.31,30.77,-1.27,-0.04,139.92
2021/10/13,39:07.8,45.875,29.75,132,0.024,-0.003,1.032,0.03,-0.122,0.03,30.29,30.76,-1.53,-0.37,140.08
2021/10/13,39:08.8,47.125,31.25,131.5,0.026,-0.001,1.033,0,-0.061,0.03,30.29,30.74,-1.68,-0.52,140.2
2021/10/13,39:09.8,42.5,33.75,129.375,0.025,-0.002,1.03,0,-0.061,-0.091,30.34,30.71,-1.51,-0.3,140.12
2021/10/13,39:10.8,42.25,30.125,128.75,0.025,-0.002,1.032,0,-0.03,-0.061,30.35,30.71,-1.55,-0.34,140.16
2021/10/13,39:11.8,41.25,36.5,131.25,0.025,-0.003,1.032,0.03,-0.061,0,30.3,30.7,-1.28,-0.03,140.01
2021/10/13,39:12.8,45.75,33.25,128.25,0.025,-0.001,1.033,0.03,-0.061,-0.03,30.33,30.69,-1.41,-0.17,140.08
2021/10/13,39:13.8,40.25,31.875,122.75,0.024,-0.002,1.031,0,-0.061,0,30.31,30.69,-1.36,-0.1,140.05
2021/10/13,39:14.8,41.25,32.125,128.125,0.026,-0.002,1.032,0,-0.061,0,30.34,30.67,-1.36,-0.09,140.04
2021/10/13,39:15.8,41.875,33,129.75,0.026,-0.003,1.031,0.061,-0.091,-0.061,30.28,30.66,-1.35,-0.07,140.02
2021/10/13,39:16.8,43.125,32.25,127.625,0.024,-0.003,1.032,0.03,-0.091,-0.061,30.31,30.65,-1.41,-0.15,140.05
2021/10/13,39:17.8,44.625,35.625,127.875,0.024,-0.003,1.031,0,-0.152,-0.03,30.31,30.64,-1.35,-0.09,140.01
2021/10/13,39:18.8,42.625,37.375,122.75,0.024,-0.002,1.03,-0.03,0,0,30.27,30.66,-1.17,0.1,139.89
2021/10/13,39:19.8,43.5,33,128.625,0.025,-0.002,1.033,0,-0.061,-0.061,30.29,30.67,-1.28,-0.02,139.93
2021/10/13,39:20.8,43.75,33.875,130.375,0.025,-0.002,1.031,0,-0.122,0.03,30.29,30.65,-1.33,-0.06,139.94
2021/10/13,39:21.8,41.75,31.875,128.125,0.025,-0.003,1.029,-0.03,-0.122,-0.03,30.33,30.65,-1.37,-0.12,139.96
2021/10/13,39:22.8,43.375,33.625,127.375,0.025,-0.002,1.031,0.061,-0.061,-0.061,30.3,30.65,-1.37,-0.12,139.96
2021/10/13,39:23.8,44.25,31.25,126,0.026,-0.001,1.032,0,-0.03,-0.061,30.29,30.66,-1.51,-0.26,140.04
2021/10/13,39:24.8,43.625,34.75,125.75,0.025,-0.002,1.031,-0.03,-0.061,0.03,30.34,30.64,-1.42,-0.15,140
2021/10/13,39:25.8,45.375,31.5,133.375,0.025,-0.001,1.031,0.061,-0.091,0,30.33,30.65,-1.55,-0.29,140.08
2021/10/13,39:26.8,42.75,30.375,130.125,0.025,-0.002,1.032,0,-0.091,0,30.29,30.67,-1.59,-0.34,140.13
2021/10/13,39:27.8,42.25,30.5,128.25,0.026,-0.002,1.032,0.03,-0.091,0,30.28,30.67,-1.6,-0.34,140.16
2021/10/13,39:28.8,43.5,30.375,128.75,0.026,-0.002,1.032,-0.03,-0.061,-0.03,30.28,30.65,-1.65,-0.4,140.21
2021/10/13,39:29.8,43.25,32.125,131,0.026,-0.003,1.031,-0.03,-0.03,0,30.34,30.66,-1.59,-0.35,140.2
2021/10/13,39:30.8,44,31,129.875,0.025,-0.003,1.032,-0.03,-0.061,0.03,30.32,30.65,-1.62,-0.4,140.25
2021/10/13,39:31.8,44.125,31.25,130.25,0.025,-0.003,1.032,0,-0.03,0,30.35,30.64,-1.63,-0.42,140.29
2021/10/13,39:32.8,42.75,35.5,128.125,0.024,-0.003,1.031,0,-0.061,0,30.34,30.64,-1.41,-0.17,140.18
2021/10/13,39:33.8,44.25,32.5,130.625,0.025,-0.003,1.033,0.03,-0.03,0.03,30.35,30.65,-1.45,-0.23,140.22
2021/10/13,39:34.8,46.5,31.25,129.125,0.026,-0.002,1.033,-0.03,-0.061,-0.03,30.35,30.65,-1.62,-0.42,140.33
2021/10/13,39:35.8,42.875,34.625,118.75,0.025,-0.002,1.032,0.03,-0.061,0,30.37,30.65,-1.45,-0.22,140.24
2021/10/13,39:36.8,43.375,33.625,131,0.025,-0.002,1.031,0.03,-0.091,-0.03,30.33,30.66,-1.41,-0.16,140.22
2021/10/13,39:37.7,47.5,31.125,129.5,0.025,-0.002,1.031,0.061,-0.122,0,30.37,30.65,-1.61,-0.41,140.37
2021/10/13,39:38.7,40.375,31.25,127,0.025,-0.004,1.031,-0.061,-0.091,0.03,30.38,30.66,-1.5,-0.28,140.33
2021/10/13,39:39.7,42.125,31.25,123.75,0.025,-0.002,1.032,0,-0.091,-0.03,30.4,30.64,-1.5,-0.27,140.33
2021/10/13,39:40.7,42.5,34.75,125.75,0.025,-0.002,1.032,0,-0.03,-0.03,30.38,30.63,-1.35,-0.09,140.25
2021/10/13,39:41.7,41.625,35,131.25,0.024,-0.002,1.034,0.03,-0.03,-0.03,30.39,30.62,-1.22,0.05,140.17
2021/10/13,39:42.7,45.875,32.75,127.75,0.025,-0.001,1.033,-0.03,-0.122,-0.091,30.37,30.6,-1.4,-0.14,140.26
2021/10/13,39:43.7,43.125,29.5,129.875,0.025,-0.003,1.032,0.03,-0.061,-0.03,30.37,30.61,-1.53,-0.32,140.35
2021/10/13,39:44.7,45,33.25,130,0.024,-0.003,1.033,0.061,-0.122,0,30.38,30.6,-1.51,-0.3,140.36
2021/10/13,39:45.7,42.25,34.25,132.625,0.025,-0.002,1.033,0,-0.122,-0.03,30.39,30.58,-1.37,-0.13,140.28
2021/10/13,39:46.8,49.375,34.25,126.625,0.025,-0.002,1.033,0.03,-0.03,0,30.38,30.58,-1.53,-0.32,140.4
2021/10/13,39:47.8,40.875,33.5,125.25,0.025,-0.002,1.032,0.03,-0.122,-0.03,30.4,30.56,-1.36,-0.12,140.31
2021/10/13,39:48.8,42.5,33.375,123.375,0.025,-0.002,1.032,0,-0.061,-0.03,30.38,30.55,-1.34,-0.08,140.29
2021/10/13,39:49.8,48.125,32.375,131.375,0.025,-0.001,1.033,0,-0.03,0.03,30.37,30.54,-1.54,-0.31,140.42
2021/10/13,39:50.8,40.25,32.875,130.5,0.026,-0.002,1.031,0,-0.091,0.03,30.4,30.56,-1.38,-0.12,140.34
2021/10/13,39:51.8,48.875,36.375,126.25,0.024,-0.002,1.031,0,-0.091,0,30.4,30.56,-1.43,-0.18,140.38
2021/10/13,39:52.8,45.375,35.375,127.75,0.025,-0.004,1.031,0,-0.061,0,30.4,30.55,-1.4,-0.14,140.35
2021/10/13,39:53.8,44.375,32.625,122.875,0.025,-0.001,1.032,-0.061,-0.061,0,30.4,30.54,-1.46,-0.2,140.39
2021/10/13,39:54.8,45.625,34.25,130.125,0.025,-0.003,1.033,-0.03,-0.122,-0.061,30.38,30.53,-1.46,-0.21,140.4
2021/10/13,39:55.8,42.75,34.625,132.5,0.026,-0.002,1.031,-0.03,0,0,30.4,30.55,-1.35,-0.07,140.33
2021/10/13,39:56.8,49.875,33.75,127.25,0.024,-0.002,1.031,-0.03,-0.091,0,30.42,30.53,-1.54,-0.33,140.48
2021/10/13,39:57.8,45.625,35.125,132.875,0.024,-0.002,1.031,0,-0.091,0.03,30.4,30.53,-1.45,-0.22,140.45
2021/10/13,39:58.8,40.625,33.875,130,0.025,-0.002,1.033,0.03,-0.091,0.03,30.43,30.51,-1.3,-0.02,140.36
2021/10/13,39:59.8,43,28,129.75,0.024,-0.002,1.032,0.03,-0.091,0.03,30.41,30.5,-1.51,-0.3,140.49
2021/10/13,40:00.8,47.875,29.625,130,0.025,-0.003,1.032,0.03,-0.061,-0.03,30.39,30.49,-1.73,-0.58,140.66
2021/10/13,40:01.8,45.625,31.375,130.375,0.024,-0.002,1.031,0,-0.061,0.03,30.4,30.49,-1.71,-0.55,140.7
2021/10/13,40:02.7,41.75,34.625,126,0.025,-0.002,1.031,0,-0.061,0.03,30.38,30.52,-1.44,-0.22,140.57
2021/10/13,40:03.8,43.375,33.625,129.625,0.025,-0.003,1.033,0.03,-0.061,-0.03,30.4,30.51,-1.39,-0.16,140.53
2021/10/13,40:04.7,43,36.375,128,0.025,-0.002,1.033,0.03,-0.091,-0.03,30.4,30.54,-1.23,0.04,140.42
2021/10/13,40:05.7,45.125,31.75,127.5,0.025,-0.001,1.032,0,-0.03,0,30.39,30.55,-1.39,-0.15,140.52
2021/10/13,40:06.8,43.375,32.25,123.25,0.025,-0.002,1.033,0.03,-0.091,0.03,30.4,30.56,-1.43,-0.17,140.54
2021/10/13,40:07.8,43.875,29.25,132.5,0.025,-0.001,1.032,-0.03,-0.061,0,30.41,30.55,-1.56,-0.34,140.63
2021/10/13,40:08.8,43.25,33.25,125.875,0.025,-0.001,1.032,-0.03,-0.091,-0.03,30.42,30.57,-1.48,-0.21,140.59
2021/10/13,40:09.7,42.625,34.25,127.25,0.025,-0.001,1.033,0.03,-0.03,-0.061,30.41,30.56,-1.37,-0.06,140.52
2021/10/13,40:10.8,41.625,36,127.75,0.025,-0.003,1.032,0,-0.091,0.03,30.4,30.55,-1.19,0.13,140.41
2021/10/13,40:11.8,44.375,32.375,124.5,0.025,-0.002,1.033,-0.03,-0.122,0.03,30.43,30.55,-1.33,-0.05,140.48
2021/10/13,40:12.8,45.75,34.5,126.625,0.025,-0.002,1.031,0.03,-0.091,-0.061,30.4,30.53,-1.37,-0.1,140.5
2021/10/13,40:13.7,43.75,32.25,127.875,0.024,-0.003,1.031,0,-0.091,-0.061,30.4,30.53,-1.42,-0.16,140.52
2021/10/13,40:14.7,43,33.75,128.125,0.025,-0.001,1.031,0.061,-0.03,0,30.42,30.52,-1.35,-0.08,140.49
2021/10/13,40:15.7,39.75,34.125,120.625,0.025,-0.003,1.031,-0.03,-0.061,-0.061,30.42,30.55,-1.19,0.1,140.37
2021/10/13,40:16.7,44.25,29.25,128.75,0.024,-0.002,1.032,-0.03,-0.03,0.03,30.42,30.54,-1.43,-0.22,140.52
2021/10/13,40:17.7,44,35,128.75,0.025,-0.002,1.031,0,-0.061,-0.03,30.41,30.52,-1.34,-0.11,140.46
2021/10/13,40:18.7,43.375,34,128.375,0.025,-0.003,1.031,-0.061,-0.091,-0.061,30.4,30.53,-1.32,-0.08,140.44
2021/10/13,40:19.7,41.75,36.5,124.375,0.024,-0.003,1.031,0.061,-0.091,0.03,30.41,30.53,-1.13,0.13,140.31
2021/10/13,40:20.7,43.125,31.5,127,0.026,-0.002,1.029,0,-0.091,0.03,30.41,30.56,-1.3,-0.05,140.38
2021/10/13,40:21.7,46.5,33.375,134.75,0.025,-0.002,1.031,0,-0.091,-0.03,30.41,30.56,-1.42,-0.18,140.44
2021/10/13,40:22.7,47,40.875,127.625,0.024,-0.003,1.031,0,-0.061,0,30.38,30.56,-1.19,0.06,140.29
2021/10/13,40:23.8,44.875,33.625,129.125,0.025,-0.002,1.03,0.03,-0.091,-0.03,30.36,30.55,-1.3,-0.06,140.33
2021/10/13,40:24.8,38.5,35.75,125.625,0.024,-0.003,1.03,0,-0.061,0,30.39,30.56,-1.03,0.23,140.16
2021/10/13,40:25.8,43.375,33.625,131.5,0.025,-0.003,1.031,0,-0.091,-0.061,30.36,30.57,-1.16,0.09,140.19
2021/10/13,40:26.8,42.75,34.375,132.625,0.024,-0.003,1.032,0,-0.061,0,30.35,30.57,-1.17,0.08,140.17
2021/10/13,40:27.8,42.75,36,128.125,0.025,-0.002,1.03,-0.03,-0.03,-0.03,30.39,30.57,-1.12,0.15,140.11
2021/10/13,40:28.8,42,32.125,126,0.025,-0.002,1.031,0.03,-0.061,-0.03,30.38,30.59,-1.23,0.03,140.14
2021/10/13,40:29.8,43,32.5,129.75,0.026,-0.002,1.03,0.061,-0.061,0,30.41,30.58,-1.33,-0.05,140.17
2021/10/13,40:30.8,45.125,30.875,131.5,0.024,-0.002,1.03,0.03,-0.122,-0.03,30.41,30.58,-1.49,-0.26,140.28
2021/10/13,40:31.8,43.25,29.875,128.125,0.024,-0.003,1.031,0,-0.061,-0.061,30.4,30.57,-1.57,-0.38,140.34
2021/10/13,40:32.8,43.25,33.375,127.375,0.024,-0.003,1.031,0,-0.091,-0.03,30.42,30.54,-1.48,-0.27,140.31
2021/10/13,40:33.8,44.625,34.125,121.125,0.025,-0.003,1.031,-0.03,-0.061,0,30.41,30.53,-1.45,-0.24,140.3
2021/10/13,40:34.7,42.5,34.375,127.125,0.024,-0.002,1.033,0.03,-0.061,0.03,30.41,30.51,-1.33,-0.1,140.24
2021/10/13,40:35.8,43.75,34.125,125.875,0.025,-0.001,1.031,-0.061,-0.061,-0.03,30.4,30.51,-1.33,-0.07,140.22
2021/10/13,40:36.7,42,35.625,129.375,0.024,-0.003,1.032,0.03,-0.061,0,30.4,30.53,-1.2,0.06,140.14
2021/10/13,40:37.8,44.125,33.375,129.875,0.024,-0.002,1.031,0.03,-0.061,0,30.4,30.52,-1.29,-0.04,140.17
2021/10/13,40:38.8,44.625,36.375,124.5,0.025,-0.002,1.03,0,-0.091,-0.061,30.35,30.54,-1.25,0.02,140.12
2021/10/13,40:39.7,44.125,32.875,129,0.026,-0.002,1.03,-0.03,-0.091,0,30.35,30.55,-1.36,-0.09,140.17
2021/10/13,40:40.7,43.875,35.25,129.625,0.024,-0.001,1.03,0,-0.061,0,30.35,30.54,-1.31,-0.02,140.13
2021/10/13,40:41.7,41.75,35.125,127.25,0.024,-0.003,1.031,0.03,-0.061,0,30.38,30.53,-1.2,0.08,140.06
2021/10/13,40:42.8,43,35.5,123.75,0.025,-0.001,1.031,0.03,-0.122,0,30.3,30.55,-1.19,0.12,140.02
2021/10/13,40:43.7,42.25,35.75,124.625,0.025,-0.003,1.03,0,-0.061,-0.03,30.31,30.56,-1.14,0.17,139.95
2021/10/13,40:44.8,43.125,33.125,131.875,0.024,-0.002,1.031,0.03,-0.061,-0.03,30.31,30.57,-1.23,0.05,139.99
2021/10/13,40:45.8,45.375,32.875,129.75,0.024,-0.003,1.03,0,-0.122,-0.03,30.29,30.59,-1.38,-0.15,140.07
2021/10/13,40:46.7,41.125,30.625,130.5,0.025,-0.003,1.03,0,-0.091,0,30.24,30.59,-1.42,-0.19,140.09
2021/10/13,40:47.8,40,31.875,125.375,0.024,-0.001,1.029,-0.03,-0.061,-0.03,30.19,30.61,-1.35,-0.1,140.05
2021/10/13,40:48.8,41.75,31.375,123.125,0.025,-0.003,1.029,0,-0.122,0.03,30.19,30.63,-1.4,-0.16,140.08
2021/10/13,40:49.8,46.125,35.75,130.125,0.025,-0.002,1.03,-0.03,-0.091,-0.03,30.16,30.68,-1.4,-0.13,140.07
2021/10/13,40:50.8,42.25,35.625,126.625,0.024,-0.001,1.031,0,-0.061,0,30.16,30.69,-1.26,0.03,139.98
2021/10/13,40:51.8,42.875,32.5,131.25,0.024,-0.002,1.031,0.03,-0.061,0,30.16,30.7,-1.33,-0.05,140.01
2021/10/13,40:52.7,40.375,32.875,121.75,0.025,-0.003,1.03,0.03,-0.061,0.03,30.17,30.72,-1.28,0,139.97
2021/10/13,40:53.7,41.5,35.875,129.375,0.024,-0.002,1.031,0,-0.061,0,30.17,30.74,-1.16,0.14,139.88
2021/10/13,40:54.7,42,37.75,128.75,0.025,-0.003,1.031,0,-0.091,-0.03,30.15,30.75,-1.04,0.27,139.77
2021/10/13,40:55.7,43,34.625,127,0.024,-0.002,1.031,-0.061,-0.061,-0.061,30.12,30.78,-1.12,0.16,139.78
2021/10/13,40:56.7,44.5,33.5,128.5,0.025,-0.002,1.031,0.03,-0.061,-0.03,30.18,30.78,-1.27,-0.01,139.84
2021/10/13,40:57.7,42.375,33.5,122.5,0.025,-0.003,1.032,0.03,-0.061,-0.03,30.17,30.78,-1.3,-0.03,139.84
2021/10/13,40:58.7,40.75,32.75,128.875,0.025,-0.002,1.031,0.03,-0.061,0,30.16,30.79,-1.28,0,139.82
2021/10/13,40:59.7,43.125,32.875,129.75,0.024,-0.002,1.031,0,-0.061,0,30.12,30.8,-1.35,-0.08,139.84
2021/10/13,41:00.7,43,37.25,131.75,0.025,-0.003,1.031,0,-0.03,0,30.12,30.85,-1.2,0.08,139.75
2021/10/13,41:01.8,43.875,36.625,129.75,0.025,-0.003,1.033,0,-0.03,-0.03,30.16,30.86,-1.17,0.11,139.7
2021/10/13,41:02.7,41.25,36.5,122.875,0.025,-0.003,1.032,0.061,-0.061,0,30.16,30.86,-1.07,0.22,139.61
2021/10/13,41:03.7,40.875,33.625,127.875,0.025,-0.002,1.032,0,-0.061,-0.03,30.14,30.86,-1.13,0.17,139.6
2021/10/13,41:04.7,43.5,31.25,131.375,0.025,-0.002,1.031,0.03,-0.091,-0.03,30.14,30.87,-1.35,-0.08,139.7
2021/10/13,41:05.7,45.5,37,132.625,0.025,-0.002,1.031,0.03,-0.061,0,30.17,30.89,-1.32,-0.03,139.66
2021/10/13,41:06.7,44.625,32.625,123.625,0.026,-0.002,1.032,0.03,-0.03,0,30.17,30.88,-1.46,-0.18,139.74
2021/10/13,41:07.7,42.375,34.625,123.625,0.025,-0.002,1.032,0,-0.03,-0.03,30.18,30.9,-1.36,-0.08,139.69
2021/10/13,41:08.7,43.125,38.375,130.375,0.025,-0.001,1.033,0.03,-0.091,0,30.21,30.92,-1.18,0.13,139.57
2021/10/13,41:09.7,43.75,33.875,128.125,0.024,-0.001,1.032,0.091,-0.122,0,30.21,30.9,-1.28,0.03,139.61
2021/10/13,41:10.7,41.75,36.625,129.125,0.025,-0.001,1.032,-0.03,-0.03,0,30.22,30.9,-1.16,0.17,139.51
2021/10/13,41:11.8,42.25,34.5,127,0.026,-0.002,1.032,-0.03,-0.061,0,30.18,30.88,-1.22,0.12,139.51
2021/10/13,41:12.7,44.625,30.625,129.625,0.026,-0.002,1.033,0,-0.061,0.03,30.23,30.88,-1.48,-0.2,139.65
2021/10/13,41:13.7,43.375,30.75,129.25,0.025,-0.001,1.032,0,-0.03,-0.03,30.19,30.85,-1.57,-0.3,139.72
2021/10/13,41:14.7,44.625,34.125,129.125,0.025,-0.003,1.031,-0.03,-0.091,-0.061,30.15,30.84,-1.54,-0.27,139.72
2021/10/13,41:15.7,42.625,35.125,127.625,0.025,-0.002,1.032,0.091,-0.061,-0.091,30.17,30.83,-1.4,-0.12,139.65
2021/10/13,41:16.7,42.25,32.125,128.75,0.025,-0.002,1.031,0.03,-0.03,-0.091,30.17,30.84,-1.43,-0.15,139.66
2021/10/13,41:17.7,43.375,32.125,129.5,0.025,-0.002,1.031,-0.03,-0.091,-0.091,30.18,30.86,-1.49,-0.23,139.7
2021/10/13,41:18.7,45,31.625,128.875,0.025,-0.003,1.031,0,-0.03,-0.03,30.23,30.84,-1.59,-0.37,139.79
2021/10/13,41:19.7,42.625,33.875,127.625,0.025,-0.001,1.031,-0.03,-0.03,-0.03,30.23,30.83,-1.48,-0.23,139.74
2021/10/13,41:20.7,45.125,34.375,131.75,0.024,-0.002,1.032,0,-0.122,-0.061,30.23,30.8,-1.47,-0.22,139.75
2021/10/13,41:21.7,41.25,35.25,127.75,0.025,-0.001,1.031,0.061,-0.03,-0.03,30.25,30.81,-1.3,-0.01,139.65
2021/10/13,41:22.7,44.5,37.875,124,0.026,-0.001,1.031,0,-0.091,-0.061,30.26,30.8,-1.23,0.09,139.57
2021/10/13,41:23.7,45.625,31.75,128,0.025,-0.001,1.033,-0.061,-0.061,-0.03,30.29,30.79,-1.46,-0.19,139.71
2021/10/13,41:24.7,44.375,34.25,131.5,0.024,-0.002,1.031,0,-0.061,0.03,30.25,30.77,-1.44,-0.18,139.71
2021/10/13,41:25.7,44.375,30.5,127.25,0.025,-0.002,1.032,0,-0.061,-0.091,30.27,30.79,-1.59,-0.36,139.81
2021/10/13,41:26.7,46.875,31,128.75,0.026,-0.003,1.031,-0.03,-0.061,0.03,30.2,30.75,-1.74,-0.55,139.94
2021/10/13,41:27.7,43.625,34.75,124,0.025,-0.001,1.033,0,-0.091,0.03,30.26,30.74,-1.57,-0.32,139.87
2021/10/13,41:28.6,44.25,34.625,127.625,0.025,-0.001,1.033,-0.03,-0.03,0,30.28,30.75,-1.49,-0.22,139.84
2021/10/13,41:29.7,45.25,30.375,127.75,0.024,-0.001,1.032,-0.03,-0.03,0,30.27,30.74,-1.63,-0.41,139.96
2021/10/13,41:30.7,41.5,32,132.875,0.025,-0.001,1.033,0.03,-0.061,0,30.27,30.73,-1.52,-0.27,139.93
2021/10/13,41:31.7,41.375,33.125,128.25,0.025,-0.002,1.032,-0.03,-0.03,-0.03,30.27,30.73,-1.42,-0.16,139.88
2021/10/13,41:32.7,42.125,31.375,126.875,0.024,-0.001,1.032,0.03,-0.061,0,30.25,30.71,-1.45,-0.19,139.91
2021/10/13,41:33.7,43.625,36.125,127.75,0.026,-0.001,1.033,-0.061,-0.061,0,30.28,30.71,-1.35,-0.04,139.84
2021/10/13,41:34.7,43,32.25,129.75,0.025,-0.002,1.031,-0.03,-0.061,-0.061,30.29,30.7,-1.41,-0.13,139.87
2021/10/13,41:35.7,43.375,33.375,132.5,0.025,-0.002,1.032,0.03,-0.03,-0.03,30.23,30.68,-1.42,-0.13,139.87
2021/10/13,41:36.7,44.125,33.375,126.75,0.024,-0.003,1.032,0.03,-0.03,0,30.26,30.71,-1.43,-0.18,139.9
2021/10/13,41:37.7,44.125,34.375,131.625,0.024,-0.002,1.032,-0.03,-0.061,-0.061,30.25,30.7,-1.4,-0.15,139.88
2021/10/13,41:38.7,40.625,32.875,129.625,0.025,-0.002,1.031,0.03,-0.091,0,30.26,30.68,-1.33,-0.07,139.84
2021/10/13,41:39.6,42.25,32.125,128.625,0.025,-0.003,1.032,0,-0.122,0,30.24,30.7,-1.38,-0.13,139.87
2021/10/13,41:40.7,44.25,29.625,129.75,0.025,-0.003,1.032,0.03,-0.122,0,30.22,30.73,-1.57,-0.37,139.99
2021/10/13,41:41.7,43.125,36.875,127.75,0.025,-0.002,1.031,-0.03,-0.091,0,30.26,30.72,-1.35,-0.11,139.86
2021/10/13,41:42.7,45.125,36.125,131.25,0.024,-0.001,1.031,0.03,-0.061,-0.061,30.25,30.72,-1.32,-0.06,139.84
2021/10/13,41:43.7,42.5,37.125,134.25,0.026,-0.002,1.03,0.03,-0.091,0.03,30.22,30.72,-1.19,0.11,139.74
2021/10/13,41:44.7,43,31.375,129.875,0.024,-0.002,1.031,-0.03,-0.091,0,30.25,30.72,-1.35,-0.09,139.82
2021/10/13,41:45.7,40.875,32.375,129.875,0.025,-0.001,1.032,0.03,-0.122,0,30.28,30.75,-1.33,-0.05,139.8
2021/10/13,41:46.7,43.375,34.75,131,0.025,0,1.032,0.03,-0.091,-0.03,30.25,30.73,-1.32,0,139.78
2021/10/13,41:47.7,43.25,35.75,130,0.025,-0.003,1.031,0,-0.091,0.03,30.26,30.73,-1.27,0.04,139.74
2021/10/13,41:48.7,41.25,35.75,130.125,0.024,-0.003,1.029,0.03,-0.061,-0.03,30.25,30.73,-1.15,0.15,139.65
2021/10/13,41:49.7,46.5,34.5,128.5,0.025,-0.002,1.03,-0.03,-0.061,-0.03,30.22,30.73,-1.32,-0.06,139.74
2021/10/13,41:50.7,42.375,37.875,129,0.024,-0.001,1.031,-0.03,-0.122,0.03,30.19,30.74,-1.14,0.15,139.62
2021/10/13,41:51.7,45.25,33,127.75,0.025,-0.001,1.031,0.03,-0.03,-0.03,30.2,30.77,-1.34,-0.07,139.71
2021/10/13,41:52.7,47,33.375,129.625,0.025,-0.002,1.03,0.03,-0.03,-0.03,30.21,30.79,-1.49,-0.26,139.82
2021/10/13,41:53.7,42.625,35.125,132.75,0.025,-0.002,1.031,0.061,-0.03,-0.03,30.16,30.78,-1.36,-0.1,139.75
2021/10/13,41:54.7,43.5,35.75,128.75,0.024,-0.002,1.031,0,-0.061,0,30.19,30.77,-1.29,-0.02,139.7
2021/10/13,41:55.7,42.125,35.875,124.75,0.025,-0.001,1.03,0.03,-0.061,0.03,30.2,30.77,-1.21,0.1,139.63
2021/10/13,41:56.7,43.125,33.625,127.75,0.025,-0.002,1.03,-0.03,-0.091,-0.03,30.22,30.77,-1.3,0,139.65
2021/10/13,41:57.7,40.5,31.375,132.25,0.025,-0.002,1.032,-0.03,-0.061,-0.03,30.2,30.79,-1.34,-0.04,139.66
2021/10/13,41:58.7,44.625,31.375,129.5,0.025,-0.002,1.032,-0.061,-0.061,-0.03,30.23,30.78,-1.51,-0.25,139.77
2021/10/13,41:59.7,43.5,34.25,126.75,0.025,-0.002,1.03,0,-0.091,0,30.21,30.78,-1.46,-0.19,139.74
2021/10/13,42:00.7,44.375,37,130.25,0.026,-0.002,1.032,0.03,-0.152,0,30.22,30.75,-1.35,-0.05,139.67
2021/10/13,42:01.6,45.625,32.25,129.875,0.025,-0.002,1.03,0,-0.061,-0.03,30.19,30.76,-1.5,-0.25,139.77
2021/10/13,42:02.6,46,32.625,128.5,0.024,-0.003,1.031,0.03,-0.061,-0.061,30.18,30.74,-1.58,-0.37,139.84
2021/10/13,42:03.6,43.25,34.625,128.125,0.026,-0.001,1.032,0.03,-0.122,-0.03,30.17,30.75,-1.48,-0.21,139.79
2021/10/13,42:04.6,44.5,30.375,128.375,0.025,-0.001,1.033,0,-0.091,0,30.18,30.75,-1.62,-0.38,139.89
2021/10/13,42:05.6,45.5,33.25,129.375,0.026,-0.002,1.032,0.03,-0.122,0.03,30.22,30.74,-1.63,-0.37,139.92
2021/10/13,42:06.6,41.875,34.5,132.25,0.025,-0.001,1.032,0,-0.091,0,30.18,30.75,-1.45,-0.15,139.84
2021/10/13,42:07.6,45.5,33.875,127.125,0.025,-0.002,1.031,-0.03,-0.091,0,30.19,30.76,-1.5,-0.21,139.88
2021/10/13,42:08.6,43,33,128.625,0.026,-0.001,1.03,0,-0.091,0,30.14,30.77,-1.49,-0.18,139.88
2021/10/13,42:09.6,42.875,33.625,133.25,0.026,-0.001,1.03,0.03,-0.122,-0.061,30.17,30.76,-1.45,-0.11,139.85
2021/10/13,42:10.6,45,33.75,132.625,0.025,-0.002,1.03,0,-0.03,-0.03,30.12,30.78,-1.48,-0.16,139.88
2021/10/13,42:11.6,43.125,31,128.625,0.025,-0.002,1.03,0,-0.091,0,30.17,30.79,-1.55,-0.26,139.94
2021/10/13,42:12.6,45.25,31.875,125.625,0.026,-0.002,1.033,0.03,-0.061,-0.03,30.13,30.81,-1.63,-0.37,140.01
2021/10/13,42:13.6,44.375,32,129.875,0.025,-0.002,1.031,0,-0.061,-0.03,30.14,30.83,-1.64,-0.37,140.04
2021/10/13,42:14.6,45.25,33.25,127.125,0.026,-0.002,1.032,-0.03,-0.061,-0.03,30.13,30.86,-1.63,-0.35,140.06
2021/10/13,42:15.6,41.875,30.375,126.75,0.024,-0.001,1.031,-0.03,-0.091,-0.03,30.14,30.89,-1.6,-0.34,140.08
2021/10/13,42:16.6,45,31.5,127.125,0.024,-0.003,1.031,0.061,-0.122,-0.03,30.17,30.92,-1.65,-0.41,140.15
2021/10/13,42:17.6,47.625,32.75,130.125,0.024,-0.001,1.03,0,-0.122,-0.061,30.15,30.9,-1.71,-0.48,140.22
2021/10/13,42:18.6,47.625,35.875,127.25,0.024,-0.002,1.031,0.03,-0.091,-0.03,30.1,30.88,-1.62,-0.38,140.21
2021/10/13,42:19.6,42.75,34.5,131.625,0.025,-0.002,1.032,0.03,-0.061,-0.03,30.09,30.9,-1.45,-0.18,140.13
2021/10/13,42:20.6,42.75,34.5,128.75,0.025,-0.001,1.031,0.061,-0.091,0.03,30.1,30.91,-1.36,-0.06,140.08
2021/10/13,42:21.6,43.75,35.375,125,0.025,-0.002,1.032,0.03,-0.122,-0.03,30.06,30.94,-1.32,0,140.04
2021/10/13,42:22.6,41.75,29.5,128.125,0.026,-0.002,1.029,0.061,-0.091,0,30.06,30.97,-1.47,-0.17,140.12
2021/10/13,42:23.6,42.375,32.125,128.5,0.025,-0.002,1.03,-0.061,-0.061,-0.061,30.06,30.97,-1.46,-0.17,140.12
2021/10/13,42:24.6,44.75,32.625,131.375,0.025,-0.001,1.031,0.03,-0.091,-0.03,30.08,30.98,-1.51,-0.22,140.16
2021/10/13,42:25.6,39.25,35.125,124.875,0.024,-0.001,1.032,-0.091,-0.122,-0.03,30.1,30.98,-1.23,0.08,140
2021/10/13,42:26.6,42.25,33.625,130.375,0.025,-0.003,1.032,0,-0.091,0,30.11,30.99,-1.26,0.04,140
2021/10/13,42:27.6,42.5,34.375,129.125,0.025,-0.002,1.032,-0.03,-0.091,-0.03,30.14,30.98,-1.25,0.05,139.97
2021/10/13,42:28.6,44.5,30.125,131.25,0.025,-0.001,1.033,0,-0.061,-0.03,30.14,30.97,-1.47,-0.22,140.09
2021/10/13,42:29.6,44.625,31.625,130.125,0.024,-0.002,1.033,0.03,-0.03,-0.03,30.14,30.96,-1.54,-0.31,140.16
2021/10/13,42:30.6,44.375,32.5,130.625,0.025,-0.002,1.032,0,-0.091,-0.03,30.14,30.96,-1.54,-0.31,140.18
2021/10/13,42:31.6,46,35.125,133.875,0.025,-0.001,1.032,0.061,-0.03,-0.03,30.12,30.94,-1.49,-0.23,140.16
2021/10/13,42:32.6,42.25,29.25,130.875,0.025,-0.001,1.033,-0.03,-0.061,-0.061,30.14,30.93,-1.57,-0.32,140.22
2021/10/13,42:33.6,42.875,31.875,120.75,0.024,-0.002,1.033,-0.03,-0.091,0,30.16,30.94,-1.54,-0.3,140.23
2021/10/13,42:34.6,45.5,36.5,129.125,0.025,-0.002,1.033,0,-0.03,0,30.17,30.92,-1.41,-0.15,140.17
2021/10/13,42:35.6,42.5,36.5,131.75,0.025,-0.002,1.03,-0.03,-0.061,0,30.14,30.91,-1.25,0.04,140.06
2021/10/13,42:36.6,43.75,29.375,129.375,0.026,-0.002,1.031,0,-0.091,0.03,30.16,30.89,-1.48,-0.24,140.2
2021/10/13,42:37.6,42.875,37.25,129.5,0.025,-0.001,1.032,0,-0.091,-0.03,30.17,30.89,-1.26,0.02,140.06
2021/10/13,42:38.6,43.75,34.5,130.125,0.024,-0.002,1.032,0,-0.122,0.03,30.18,30.88,-1.28,0.01,140.06
2021/10/13,42:39.5,41.375,31.875,130.375,0.025,0,1.032,0,0.03,0,30.18,30.86,-1.32,-0.01,140.07
2021/10/13,42:40.6,48.125,32,130.75,0.025,-0.001,1.031,0,-0.061,-0.091,30.17,30.85,-1.56,-0.3,140.22
2021/10/13,42:41.6,43.375,31.75,128.75,0.026,-0.001,1.032,-0.061,-0.091,-0.03,30.17,30.83,-1.57,-0.29,140.24
2021/10/13,42:42.6,44.875,31.875,129.125,0.025,-0.002,1.032,-0.03,-0.091,-0.061,30.21,30.83,-1.61,-0.34,140.28
2021/10/13,42:43.6,45.5,31.75,130.875,0.025,-0.002,1.032,-0.03,-0.061,0,30.14,30.83,-1.64,-0.4,140.34
2021/10/13,42:44.6,44.875,29.75,128.125,0.026,-0.001,1.032,0,-0.061,-0.03,30.17,30.81,-1.74,-0.5,140.43
2021/10/13,42:45.6,42.875,36.625,129.25,0.025,-0.003,1.032,-0.03,-0.061,-0.03,30.2,30.82,-1.42,-0.17,140.27
2021/10/13,42:46.6,41.5,33.875,129,0.025,-0.001,1.032,0.03,-0.061,-0.03,30.17,30.81,-1.31,-0.03,140.21
2021/10/13,42:47.6,44.125,33.75,130,0.025,-0.002,1.031,-0.03,-0.061,-0.061,30.19,30.8,-1.35,-0.07,140.22
2021/10/13,42:48.6,44.875,33.625,127.875,0.025,-0.002,1.031,0.03,-0.061,-0.061,30.18,30.8,-1.4,-0.13,140.25
2021/10/13,42:49.6,43.125,30.875,130.625,0.024,-0.002,1.032,-0.03,-0.061,0.03,30.2,30.8,-1.48,-0.22,140.3
2021/10/13,42:50.6,45.625,33.375,132.875,0.025,-0.001,1.032,0.03,-0.061,-0.03,30.18,30.8,-1.51,-0.24,140.33
2021/10/13,42:51.6,43.875,36.625,128.875,0.025,-0.003,1.031,0,-0.091,-0.091,30.16,30.81,-1.33,-0.06,140.22
2021/10/13,42:52.6,45.5,34.25,132.875,0.025,-0.001,1.033,0.03,-0.091,-0.03,30.19,30.81,-1.38,-0.1,140.25
2021/10/13,42:53.6,44.875,33.75,127.875,0.025,-0.002,1.032,-0.03,-0.061,0,30.18,30.81,-1.41,-0.14,140.27
2021/10/13,42:54.6,42.5,34.5,129.75,0.025,-0.003,1.032,-0.03,-0.03,-0.03,30.22,30.81,-1.32,-0.04,140.21
2021/10/13,42:55.6,43.375,33.625,128,0.025,-0.003,1.031,0.03,-0.061,0,30.2,30.8,-1.33,-0.06,140.21
2021/10/13,42:56.6,41.25,35.25,131.25,0.025,-0.002,1.031,0,-0.091,-0.03,30.21,30.8,-1.2,0.1,140.12
2021/10/13,42:57.6,45.625,31.875,128.25,0.025,-0.003,1.031,-0.061,-0.091,0,30.25,30.82,-1.41,-0.17,140.23
2021/10/13,42:58.6,44,38.125,130.625,0.024,-0.002,1.031,-0.03,-0.061,-0.03,30.27,30.83,-1.21,0.05,140.11
2021/10/13,42:59.5,42.25,36.25,124.25,0.025,-0.002,1.031,-0.03,-0.122,0,30.26,30.81,-1.13,0.17,140.02
2021/10/13,43:00.5,42.375,33.625,130.25,0.024,-0.003,1.031,-0.03,-0.091,-0.061,30.28,30.8,-1.19,0.09,140.02
2021/10/13,43:01.5,46.125,32.875,129.75,0.025,-0.002,1.031,0,-0.091,-0.061,30.3,30.77,-1.38,-0.14,140.12
2021/10/13,43:02.5,46.75,32.375,129,0.024,-0.002,1.032,0.03,-0.061,-0.03,30.28,30.77,-1.52,-0.32,140.22
2021/10/13,43:03.5,45.125,34.75,125.875,0.025,-0.002,1.032,0,-0.152,0,30.3,30.76,-1.48,-0.24,140.2
2021/10/13,43:04.5,43,31.5,127.125,0.025,-0.001,1.032,0.03,-0.091,0,30.31,30.74,-1.51,-0.25,140.23
2021/10/13,43:05.5,44.5,31.375,129.875,0.025,-0.002,1.033,0,-0.061,0,30.31,30.74,-1.57,-0.34,140.29
2021/10/13,43:06.5,45.625,36.25,131.75,0.024,-0.003,1.032,0.03,-0.091,0.03,30.33,30.74,-1.45,-0.19,140.23
2021/10/13,43:07.5,44.375,31.875,127.875,0.024,-0.002,1.032,-0.03,-0.03,0,30.3,30.72,-1.51,-0.28,140.29
2021/10/13,43:08.5,40.875,33.75,123.125,0.026,-0.002,1.032,-0.03,-0.03,0,30.34,30.72,-1.35,-0.1,140.2
2021/10/13,43:09.5,42.5,32.5,129.5,0.024,-0.003,1.032,-0.03,-0.03,0,30.33,30.72,-1.36,-0.11,140.2
2021/10/13,43:10.5,41.875,30.625,133,0.025,-0.001,1.031,0,-0.091,-0.091,30.29,30.7,-1.42,-0.16,140.23
2021/10/13,43:11.5,44.875,33.375,131.375,0.026,-0.002,1.033,0,-0.091,-0.061,30.34,30.7,-1.46,-0.19,140.25
2021/10/13,43:12.5,39.75,33.25,125,0.024,-0.002,1.03,-0.03,-0.061,-0.03,30.33,30.68,-1.3,-0.01,140.16
2021/10/13,43:13.5,45.5,35.25,128.875,0.024,-0.002,1.031,0.03,-0.091,-0.03,30.32,30.7,-1.32,-0.05,140.17
2021/10/13,43:14.5,50,34.5,129.75,0.024,-0.002,1.031,-0.03,-0.03,-0.061,30.3,30.67,-1.5,-0.28,140.29
2021/10/13,43:15.5,46.125,31.625,133,0.024,-0.002,1.031,0.03,-0.122,-0.03,30.33,30.65,-1.59,-0.39,140.37
2021/10/13,43:16.5,43.375,35.5,119.625,0.025,-0.003,1.032,0.03,-0.091,-0.03,30.34,30.65,-1.41,-0.18,140.27
2021/10/13,43:17.5,45.75,37.625,134.375,0.026,-0.001,1.031,0.03,-0.091,0,30.3,30.64,-1.31,-0.03,140.2
2021/10/13,43:18.5,43.375,34,129.5,0.025,-0.001,1.031,0.03,-0.122,-0.061,30.28,30.62,-1.32,-0.02,140.19
2021/10/13,43:19.5,44,32.625,132.25,0.025,-0.001,1.032,-0.03,-0.061,0,30.28,30.64,-1.39,-0.1,140.22
2021/10/13,43:20.5,41.875,31,122.5,0.025,-0.001,1.031,-0.03,-0.061,0.03,30.29,30.64,-1.44,-0.16,140.26
2021/10/13,43:21.5,41.625,33.125,129.75,0.026,-0.002,1.03,0.061,-0.03,-0.03,30.29,30.64,-1.37,-0.07,140.22
2021/10/13,43:22.5,44.875,34.875,127.5,0.024,-0.003,1.031,0,-0.091,0,30.28,30.64,-1.36,-0.08,140.21
2021/10/13,43:23.5,40.625,32.875,128.5,0.024,-0.002,1.031,0.03,-0.122,-0.061,30.24,30.65,-1.29,0,140.16
2021/10/13,43:24.5,43.875,35.625,127.375,0.025,-0.002,1.031,0.091,0,0,30.25,30.67,-1.26,0.05,140.12
2021/10/13,43:25.5,42.75,34.5,131.125,0.025,-0.002,1.031,0,-0.061,-0.03,30.24,30.68,-1.25,0.06,140.09
2021/10/13,43:26.5,45.625,30.625,129.75,0.024,-0.002,1.032,-0.03,-0.091,0,30.2,30.69,-1.48,-0.24,140.24
2021/10/13,43:27.5,44.25,32.5,131.875,0.026,-0.002,1.031,0.061,-0.061,-0.03,30.18,30.7,-1.51,-0.26,140.26
2021/10/13,43:28.5,44.375,31.75,128.375,0.025,-0.003,1.03,0,-0.03,0.03,30.17,30.73,-1.55,-0.33,140.31
2021/10/13,43:29.5,44.25,33.125,132.625,0.024,-0.002,1.032,-0.03,-0.03,-0.03,30.14,30.76,-1.51,-0.27,140.3
2021/10/13,43:30.5,45.125,35.125,131,0.025,-0.002,1.031,0.03,-0.061,-0.03,30.17,30.8,-1.44,-0.18,140.27
2021/10/13,43:31.5,42.125,32.875,133.125,0.025,-0.003,1.03,0.03,-0.061,0,30.11,30.82,-1.39,-0.12,140.24
2021/10/13,43:32.5,43.375,37.375,129.625,0.024,-0.002,1.03,0.03,-0.091,0.03,30.06,30.82,-1.22,0.07,140.13
2021/10/13,43:33.5,45.875,35.125,132.5,0.025,-0.002,1.03,0.03,-0.061,-0.03,30.07,30.85,-1.29,-0.01,140.15
2021/10/13,43:34.5,44.75,32.625,132.625,0.026,-0.001,1.031,0.03,-0.091,0,30.05,30.86,-1.42,-0.13,140.21
